Notes,State,State Code,Year,Year Code,Deaths,Population,Crude Rate,Age Adjusted Rate,Age Adjusted Rate Lower 95% Confidence Interval,Age Adjusted Rate Upper 95% Confidence Interval,Age Adjusted Rate Standard Error
,Alabama,1,1999,1999,178,2514877,7.1,7.2,6.2,8.3,0.5
,Alabama,1,2000,2000,149,2520181,5.9,6,5,6.9,0.5
,Alabama,1,2001,2001,185,2531014,7.3,7.3,6.2,8.3,0.5
,Alabama,1,2002,2002,182,2523275,7.2,7.1,6,8.1,0.5
,Alabama,1,2003,2003,182,2526455,7.2,7,6,8,0.5
,Alabama,1,2004,2004,214,2531788,8.5,8.3,7.2,9.4,0.6
,Alabama,1,2005,2005,213,2545297,8.4,8.1,7,9.2,0.6
,Alabama,1,2006,2006,231,2568919,9,8.9,7.7,10,0.6
,Alabama,1,2007,2007,208,2581975,8.1,7.7,6.7,8.8,0.5
,Alabama,1,2008,2008,201,2593895,7.7,7.5,6.4,8.5,0.5
,Alabama,1,2009,2009,188,2603662,7.2,6.9,5.9,7.9,0.5
,Alabama,1,2010,2010,196,2601070,7.5,7.4,6.3,8.4,0.5
,Alabama,1,2011,2011,196,2589142,7.6,7.3,6.2,8.3,0.5
,Alabama,1,2012,2012,208,2574500,8.1,7.9,6.8,9,0.6
,Alabama,1,2013,2013,211,2568741,8.2,8.1,7,9.2,0.6
,Alabama,1,2014,2014,222,2559760,8.7,8.7,7.6,9.9,0.6
,Alabama,1,2015,2015,204,2547846,8,8,6.9,9.1,0.6
,Alabama,1,2016,2016,195,2531094,7.7,7.6,6.6,8.7,0.6
,Alabama,1,2017,2017,206,2517133,8.2,8.2,7.1,9.3,0.6
,Alabama,1,2018,2018,184,2504200,7.3,7.5,6.4,8.6,0.6
,Alabama,1,2019,2019,181,2492858,7.3,7.3,6.2,8.4,0.5
,Alabama,1,2020,2020,262,2488473,10.5,10.7,9.4,12,0.7
,Alaska,2,1999,1999,11,388200,Unreliable,Unreliable,1.4,5,0.8
,Alaska,2,2000,2000,15,388460,Unreliable,Unreliable,2.1,6.3,1
,Alaska,2,2001,2001,19,393091,Unreliable,Unreliable,2.8,7.3,1.1
,Alaska,2,2002,2002,24,396209,6.1,5.9,3.8,8.7,1.2
,Alaska,2,2003,2003,19,398450,Unreliable,Unreliable,2.7,7.1,1
,Alaska,2,2004,2004,24,403445,5.9,5.8,3.7,8.6,1.2
,Alaska,2,2005,2005,19,406480,Unreliable,Unreliable,2.6,6.8,1
,Alaska,2,2006,2006,19,409201,Unreliable,Unreliable,2.7,6.9,1
,Alaska,2,2007,2007,16,409091,Unreliable,Unreliable,2.1,5.9,0.9
,Alaska,2,2008,2008,13,409032,Unreliable,Unreliable,1.6,5.1,0.8
,Alaska,2,2009,2009,17,408902,Unreliable,Unreliable,2.3,6.4,1
,Alaska,2,2011,2011,19,416353,Unreliable,Unreliable,2.7,7.2,1.1
,Alaska,2,2012,2012,16,419471,Unreliable,Unreliable,2.1,5.9,0.9
,Alaska,2,2013,2013,14,418345,Unreliable,Unreliable,1.8,5.6,0.9
,Alaska,2,2014,2014,20,417846,4.8,5.1,3.1,7.9,1.2
,Alaska,2,2015,2015,19,415609,Unreliable,Unreliable,3,7.7,1.1
,Alaska,2,2016,2016,17,412129,Unreliable,Unreliable,2.5,6.9,1.1
,Alaska,2,2017,2017,24,406231,5.9,6.3,4,9.4,1.3
,Alaska,2,2018,2018,14,400895,Unreliable,Unreliable,2.1,6.5,1
,Alaska,2,2019,2019,15,394876,Unreliable,Unreliable,2.3,6.8,1.1
,Alaska,2,2020,2020,30,393324,7.6,8.2,5.5,11.7,1.5
,Arizona,4,1999,1999,133,2815488,4.7,5,4.2,5.9,0.4
,Arizona,4,2000,2000,124,2869955,4.3,4.5,3.7,5.3,0.4
,Arizona,4,2001,2001,136,2950869,4.6,4.8,4,5.6,0.4
,Arizona,4,2002,2002,159,3006418,5.3,5.6,4.7,6.4,0.4
,Arizona,4,2003,2003,144,3054142,4.7,4.9,4.1,5.7,0.4
,Arizona,4,2004,2004,155,3120667,5,5.2,4.3,6,0.4
,Arizona,4,2005,2005,151,3211322,4.7,4.8,4,5.6,0.4
,Arizona,4,2006,2006,177,3305628,5.4,5.5,4.7,6.3,0.4
,Arizona,4,2007,2007,156,3367478,4.6,4.7,4,5.5,0.4
,Arizona,4,2008,2008,157,3409266,4.6,4.6,3.9,5.4,0.4
,Arizona,4,2009,2009,158,3421501,4.6,4.7,3.9,5.4,0.4
,Arizona,4,2010,2010,204,3425899,6,6.1,5.2,6.9,0.4
,Arizona,4,2011,2011,220,3448914,6.4,6.5,5.6,7.4,0.4
,Arizona,4,2012,2012,213,3465288,6.1,6.3,5.4,7.1,0.4
,Arizona,4,2013,2013,256,3483347,7.3,7.6,6.6,8.5,0.5
,Arizona,4,2014,2014,251,3517582,7.1,7.4,6.4,8.3,0.5
,Arizona,4,2015,2015,284,3547269,8,8.2,7.3,9.2,0.5
,Arizona,4,2016,2016,271,3576505,7.6,7.8,6.9,8.7,0.5
,Arizona,4,2017,2017,259,3613947,7.2,7.4,6.5,8.3,0.5
,Arizona,4,2018,2018,226,3683036,6.1,6.4,5.5,7.2,0.4
,Arizona,4,2019,2019,272,3728757,7.3,7.8,6.8,8.7,0.5
,Arizona,4,2020,2020,325,3790702,8.6,9.1,8.1,10.1,0.5
,Arkansas,5,1999,1999,93,1465964,6.3,6.5,5.2,8,0.7
,Arkansas,5,2000,2000,81,1480854,5.5,5.5,4.4,6.9,0.6
,Arkansas,5,2001,2001,100,1493255,6.7,6.7,5.4,8,0.7
,Arkansas,5,2002,2002,111,1493006,7.4,7.4,6,8.8,0.7
,Arkansas,5,2003,2003,137,1498223,9.1,9.1,7.6,10.6,0.8
,Arkansas,5,2004,2004,112,1506429,7.4,7.4,6,8.8,0.7
,Arkansas,5,2005,2005,119,1518677,7.8,7.8,6.4,9.3,0.7
,Arkansas,5,2006,2006,138,1534920,9,8.9,7.4,10.4,0.8
,Arkansas,5,2007,2007,151,1541919,9.8,9.7,8.2,11.3,0.8
,Arkansas,5,2008,2008,149,1547213,9.6,9.3,7.8,10.8,0.8
,Arkansas,5,2009,2009,136,1549578,8.8,8.7,7.2,10.2,0.8
,Arkansas,5,2010,2010,138,1552821,8.9,8.7,7.2,10.1,0.7
,Arkansas,5,2011,2011,138,1551970,8.9,8.6,7.2,10.1,0.7
,Arkansas,5,2012,2012,134,1548905,8.7,8.6,7.2,10.1,0.8
,Arkansas,5,2013,2013,137,1546664,8.9,8.9,7.4,10.3,0.8
,Arkansas,5,2014,2014,155,1542521,10,10.2,8.6,11.8,0.8
,Arkansas,5,2015,2015,123,1541311,8,8.1,6.6,9.5,0.7
,Arkansas,5,2016,2016,141,1538831,9.2,9.3,7.7,10.8,0.8
,Arkansas,5,2017,2017,188,1537543,12.2,12.6,10.8,14.4,0.9
,Arkansas,5,2018,2018,190,1533118,12.4,12.7,10.9,14.5,0.9
,Arkansas,5,2019,2019,138,1526251,9,9.3,7.7,10.8,0.8
,Arkansas,5,2020,2020,183,1528054,12,12.4,10.6,14.2,0.9
,California,6,1999,1999,730,19636325,3.7,4,3.7,4.3,0.1
,California,6,2000,2000,741,19878214,3.7,3.9,3.7,4.2,0.1
,California,6,2001,2001,741,20270096,3.7,3.8,3.6,4.1,0.1
,California,6,2002,2002,775,20431231,3.8,4,3.7,4.2,0.1
,California,6,2003,2003,868,20597093,4.2,4.3,4,4.6,0.1
,California,6,2004,2004,883,20758388,4.3,4.3,4,4.6,0.1
,California,6,2005,2005,962,20878184,4.6,4.7,4.4,5,0.2
,California,6,2006,2006,907,20978269,4.3,4.4,4.1,4.7,0.1
,California,6,2007,2007,899,21059200,4.3,4.3,4,4.6,0.1
,California,6,2008,2008,826,21173254,3.9,3.9,3.7,4.2,0.1
,California,6,2009,2009,867,21274367,4.1,4.1,3.8,4.4,0.1
,California,6,2010,2010,752,21342847,3.5,3.6,3.3,3.8,0.1
,California,6,2011,2011,808,21443545,3.8,3.8,3.5,4.1,0.1
,California,6,2012,2012,867,21509518,4,4.1,3.8,4.3,0.1
,California,6,2013,2013,852,21539263,4,4,3.8,4.3,0.1
,California,6,2014,2014,846,21693851,3.9,3.9,3.7,4.2,0.1
,California,6,2015,2015,949,21755077,4.4,4.4,4.2,4.7,0.1
,California,6,2016,2016,951,21665191,4.4,4.5,4.2,4.7,0.1
,California,6,2017,2017,1015,21739972,4.7,4.8,4.5,5.1,0.2
,California,6,2018,2018,1002,21628619,4.6,4.8,4.5,5.1,0.2
,California,6,2019,2019,1038,21495770,4.8,5,4.7,5.3,0.2
,California,6,2020,2020,1265,21345207,5.9,6.1,5.8,6.4,0.2
,Colorado,8,1999,1999,65,2583663,2.5,2.5,2,3.2,0.3
,Colorado,8,2000,2000,79,2628451,3,3,2.4,3.8,0.3
,Colorado,8,2001,2001,94,2704483,3.5,3.4,2.8,4.2,0.4    
,Colorado,8,2002,2002,111,2725348,4.1,4.1,3.3,4.8,0.4   
,Colorado,8,2003,2003,91,2724199,3.3,3.3,2.6,4,0.3  
,Colorado,8,2004,2004,94,2734662,3.4,3.4,2.7,4.2,0.4
,Colorado,8,2005,2005,87,2745911,3.2,3.1,2.5,3.8,0.3
,Colorado,8,2006,2006,93,2775205,3.4,3.3,2.6,4,0.3
,Colorado,8,2007,2007,84,2799341,3,2.9,2.3,3.6,0.3
,Colorado,8,2008,2008,97,2825244,3.4,3.4,2.7,4.1,0.3
,Colorado,8,2009,2009,114,2845012,4,3.8,3.1,4.6,0.4
,Colorado,8,2010,2010,97,2856710,3.4,3.3,2.6,4,0.3
,Colorado,8,2011,2011,114,2881120,4,3.9,3.2,4.6,0.4
,Colorado,8,2012,2012,92,2899135,3.2,3.1,2.5,3.8,0.3
,Colorado,8,2013,2013,98,2925945,3.3,3.4,2.7,4.1,0.3
,Colorado,8,2014,2014,114,2962015,3.8,4,3.2,4.7,0.4
,Colorado,8,2015,2015,92,3010134,3.1,3.1,2.5,3.9,0.3
,Colorado,8,2016,2016,124,3047228,4.1,4.1,3.4,4.9,0.4
,Colorado,8,2017,2017,117,3079386,3.8,3.9,3.2,4.6,0.4
,Colorado,8,2018,2018,128,3126550,4.1,4.3,3.5,5,0.4
,Colorado,8,2019,2019,113,3160788,3.6,3.8,3.1,4.5,0.4
,Colorado,8,2020,2020,147,3191728,4.6,4.8,4,5.6,0.4
,Connecticut,9,1999,1999,77,1910331,4,3.9,3.1,4.8,0.4
,Connecticut,9,2000,2000,59,1917694,3.1,2.9,2.2,3.7,0.4
,Connecticut,9,2001,2001,71,1933447,3.7,3.4,2.7,4.3,0.4
,Connecticut,9,2002,2002,58,1938069,3,2.8,2.1,3.6,0.4
,Connecticut,9,2003,2003,70,1946705,3.6,3.3,2.6,4.2,0.4
,Connecticut,9,2004,2004,65,1950050,3.3,3.1,2.4,3.9,0.4
,Connecticut,9,2005,2005,76,1957600,3.9,3.5,2.8,4.4,0.4
,Connecticut,9,2006,2006,77,1961675,3.9,3.6,2.8,4.5,0.4
,Connecticut,9,2007,2007,64,1961225,3.3,2.9,2.2,3.7,0.4
,Connecticut,9,2008,2008,63,1964293,3.2,2.8,2.2,3.6,0.4
,Connecticut,9,2009,2009,76,1962788,3.9,3.4,2.7,4.3,0.4
,Connecticut,9,2010,2010,69,1959144,3.5,3.3,2.6,4.2,0.4
,Connecticut,9,2011,2011,77,1949400,3.9,3.5,2.8,4.4,0.4
,Connecticut,9,2012,2012,70,1944158,3.6,3.2,2.5,4.1,0.4
,Connecticut,9,2013,2013,64,1933753,3.3,3.1,2.4,4,0.4
,Connecticut,9,2014,2014,71,1924068,3.7,3.3,2.5,4.1,0.4
,Connecticut,9,2015,2015,49,1907975,2.6,2.3,1.7,3.1,0.3
,Connecticut,9,2016,2016,75,1884422,4,3.8,3,4.8,0.4
,Connecticut,9,2017,2017,71,1872461,3.8,3.7,2.9,4.7,0.5
,Connecticut,9,2018,2018,58,1848697,3.1,3.1,2.3,4,0.4
,Connecticut,9,2019,2019,81,1830878,4.4,4.3,3.4,5.3,0.5
,Connecticut,9,2020,2020,86,1814561,4.7,4.8,3.8,5.9,0.5
,Delaware,10,1999,1999,19,443623,Unreliable,Unreliable,2.6,6.7,1
,Delaware,10,2000,2000,20,447737,4.5,4.5,2.7,6.9,1
,Delaware,10,2001,2001,20,454847,4.4,4.4,2.7,6.7,1
,Delaware,10,2002,2002,31,457756,6.8,6.7,4.6,9.5,1.2
,Delaware,10,2003,2003,30,462415,6.5,6.4,4.3,9.1,1.2
,Delaware,10,2004,2004,21,467591,4.5,4.4,2.7,6.7,1
,Delaware,10,2005,2005,24,473945,5.1,5,3.2,7.4,1
,Delaware,10,2006,2006,24,479135,5,4.8,3.1,7.1,1
,Delaware,10,2007,2007,19,483746,Unreliable,Unreliable,2.2,5.8,0.9
,Delaware,10,2008,2008,30,486839,6.2,6.1,4.1,8.8,1.1
,Delaware,10,2009,2009,29,488111,5.9,5.6,3.8,8.1,1.1
,Delaware,10,2010,2010,35,488508,7.2,6.7,4.7,9.4,1.1
,Delaware,10,2011,2011,28,488255,5.7,5.8,3.8,8.4,1.1
,Delaware,10,2012,2012,31,488493,6.3,6,4,8.5,1.1
,Delaware,10,2013,2013,24,487194,4.9,4.8,3,7.1,1
,Delaware,10,2014,2014,35,487643,7.2,6.9,4.7,9.6,1.2
,Delaware,10,2015,2015,25,488284,5.1,5.1,3.3,7.6,1
,Delaware,10,2016,2016,28,485567,5.8,6,3.9,8.7,1.1
,Delaware,10,2017,2017,29,485318,6,5.9,3.9,8.5,1.1
,Delaware,10,2018,2018,32,481734,6.6,6.7,4.5,9.5,1.2
,Delaware,10,2019,2019,37,478434,7.7,7.9,5.5,10.9,1.3
,Delaware,10,2020,2020,41,480076,8.5,8.4,6.1,11.5,1.3
,District of Columbia,11,1999,1999,25,353313,7.1,7.6,4.9,11.3,1.5
,District of Columbia,11,2000,2000,22,354439,6.2,6.7,4.2,10.1,1.4
,District of Columbia,11,2001,2001,25,356815,7,7.6,4.9,11.2,1.5
,District of Columbia,11,2002,2002,23,354586,6.5,7,4.5,10.6,1.5
,District of Columbia,11,2003,2003,19,351231,Unreliable,Unreliable,3.6,9.3,1.4
,District of Columbia,11,2004,2004,23,351307,6.5,7.1,4.5,10.6,1.5
,District of Columbia,11,2005,2005,25,352686,7.1,7.7,5,11.3,1.5
,District of Columbia,11,2006,2006,16,357497,Unreliable,Unreliable,2.8,8,1.2
,District of Columbia,11,2007,2007,13,361757,Unreliable,Unreliable,2,6.5,1.1
,District of Columbia,11,2008,2008,15,367470,Unreliable,Unreliable,2.7,8.1,1.3
,District of Columbia,11,2009,2009,12,377142,Unreliable,Unreliable,2,6.6,1.1
,District of Columbia,11,2010,2010,22,385136,5.7,6.7,4.1,10.2,1.4
,District of Columbia,11,2011,2011,20,392216,5.1,6.3,3.8,9.7,1.4
,District of Columbia,11,2012,2012,17,399607,Unreliable,Unreliable,2.7,7.7,1.2
,District of Columbia,11,2013,2013,18,408339,Unreliable,Unreliable,3.3,8.8,1.3
,District of Columbia,11,2014,2014,16,415391,Unreliable,Unreliable,2.7,7.7,1.2
,District of Columbia,11,2015,2015,26,422898,6.1,7.2,4.7,10.6,1.4
,District of Columbia,11,2016,2016,20,427110,4.7,5.6,3.4,8.7,1.3
,District of Columbia,11,2017,2017,17,431350,Unreliable,Unreliable,2.5,7,1.1
,District of Columbia,11,2018,2018,30,435038,6.9,8.4,5.6,12,1.6
,District of Columbia,11,2019,2019,22,435764,5,6.5,4.1,9.8,1.4
,District of Columbia,11,2020,2020,36,439114,8.2,9,6.3,12.6,1.6
,Florida,12,1999,1999,452,8440850,5.4,5.3,4.8,5.8,0.3
,Florida,12,2000,2000,438,8581203,5.1,5,4.6,5.5,0.2
,Florida,12,2001,2001,464,8814388,5.3,5.1,4.6,5.5,0.2
,Florida,12,2002,2002,508,8973414,5.7,5.5,5,5.9,0.2
,Florida,12,2003,2003,521,9133580,5.7,5.5,5,6,0.2
,Florida,12,2004,2004,510,9356012,5.5,5.2,4.8,5.7,0.2
,Florida,12,2005,2005,526,9589911,5.5,5.3,4.8,5.7,0.2
,Florida,12,2006,2006,558,9773440,5.7,5.4,5,5.9,0.2
,Florida,12,2007,2007,591,9855848,6,5.7,5.2,6.1,0.2
,Florida,12,2008,2008,594,9888220,6,5.6,5.2,6.1,0.2
,Florida,12,2009,2009,572,9896439,5.8,5.4,4.9,5.8,0.2
,Florida,12,2010,2010,572,9919432,5.8,5.4,4.9,5.8,0.2
,Florida,12,2011,2011,543,9977400,5.4,5,4.6,5.5,0.2
,Florida,12,2012,2012,557,10043452,5.5,5.3,4.8,5.7,0.2
,Florida,12,2013,2013,596,10074556,5.9,5.6,5.1,6,0.2
,Florida,12,2014,2014,602,10179472,5.9,5.7,5.2,6.1,0.2
,Florida,12,2015,2015,556,10290587,5.4,5.1,4.7,5.5,0.2
,Florida,12,2016,2016,657,10367024,6.3,6.1,5.6,6.5,0.2
,Florida,12,2017,2017,669,10501274,6.4,6.1,5.6,6.6,0.2
,Florida,12,2018,2018,670,10579636,6.3,6.1,5.6,6.6,0.2
,Florida,12,2019,2019,658,10569906,6.2,6.1,5.6,6.5,0.2
,Florida,12,2020,2020,744,10627226,7,6.9,6.4,7.4,0.3
,Georgia,13,1999,1999,204,4840504,4.2,4.4,3.8,5,0.3
,Georgia,13,2000,2000,223,4921229,4.5,4.7,4.1,5.4,0.3
,Georgia,13,2001,2001,233,5029118,4.6,4.8,4.2,5.4,0.3
,Georgia,13,2002,2002,267,5070129,5.3,5.4,4.8,6.1,0.3
,Georgia,13,2003,2003,302,5102252,5.9,6,5.4,6.7,0.3
,Georgia,13,2004,2004,264,5171066,5.1,5.2,4.6,5.9,0.3
,Georgia,13,2005,2005,307,5228051,5.9,5.9,5.2,6.6,0.3
,Georgia,13,2006,2006,273,5337806,5.1,5.1,4.5,5.7,0.3
,Georgia,13,2007,2007,261,5417588,4.8,4.8,4.2,5.4,0.3
,Georgia,13,2008,2008,243,5478978,4.4,4.4,3.8,4.9,0.3
,Georgia,13,2009,2009,284,5512714,5.2,5.1,4.5,5.7,0.3
,Georgia,13,2010,2010,322,5514431,5.8,5.8,5.1,6.4,0.3
,Georgia,13,2011,2011,362,5545159,6.5,6.4,5.8,7.1,0.3
,Georgia,13,2012,2012,320,5567150,5.7,5.7,5.1,6.4,0.3
,Georgia,13,2013,2013,321,5563393,5.8,5.7,5.1,6.3,0.3
,Georgia,13,2014,2014,344,5589673,6.2,6.2,5.5,6.8,0.3
,Georgia,13,2015,2015,354,5624229,6.3,6.3,5.6,6.9,0.3
,Georgia,13,2016,2016,341,5643021,6,6.1,5.5,6.8,0.3
,Georgia,13,2017,2017,364,5681962,6.4,6.4,5.7,7.1,0.3
,Georgia,13,2018,2018,405,5702308,7.1,7.1,6.4,7.8,0.4
,Georgia,13,2019,2019,376,5723367,6.6,6.6,6,7.3,0.3
,Georgia,13,2020,2020,434,5750414,7.5,7.7,6.9,8.4,0.4
,Hawaii,15,1999,1999,18,698693,Unreliable,Unreliable,1.5,4,0.6
,Hawaii,15,2000,2000,24,697726,3.4,3.4,2.2,5,0.7
,Hawaii,15,2001,2001,23,704670,3.3,3.1,2,4.7,0.7
,Hawaii,15,2002,2002,19,709085,Unreliable,Unreliable,1.6,4.1,0.6
,Hawaii,15,2003,2003,17,710507,Unreliable,Unreliable,1.3,3.6,0.5
,Hawaii,15,2004,2004,13,718729,Unreliable,Unreliable,0.9,3,0.5
,Hawaii,15,2005,2005,23,727094,3.2,2.9,1.8,4.4,0.6
,Hawaii,15,2006,2006,21,734713,2.9,2.8,1.8,4.3,0.6
,Hawaii,15,2007,2007,22,729997,3,2.9,1.8,4.4,0.6
,Hawaii,15,2008,2008,20,733885,2.7,2.6,1.6,4,0.6
,Hawaii,15,2009,2009,40,734406,5.4,5.2,3.7,7.1,0.8
,Hawaii,15,2010,2010,27,737294,3.7,3.5,2.3,5.1,0.7
,Hawaii,15,2011,2011,26,738555,3.5,3.3,2.1,4.8,0.6
,Hawaii,15,2012,2012,36,746071,4.8,4.8,3.4,6.7,0.8
,Hawaii,15,2013,2013,27,745961,3.6,3.9,2.5,5.6,0.7
,Hawaii,15,2014,2014,30,751050,4,4.2,2.8,6,0.8
,Hawaii,15,2015,2015,16,752618,Unreliable,Unreliable,1.2,3.5,0.5
,Hawaii,15,2016,2016,30,739853,4.1,4.2,2.9,6.1,0.8
,Hawaii,15,2017,2017,34,732007,4.6,4.6,3.2,6.5,0.8
,Hawaii,15,2018,2018,28,722270,3.9,3.8,2.6,5.6,0.7
,Hawaii,15,2019,2019,26,715482,3.6,3.7,2.4,5.4,0.7
,Hawaii,15,2020,2020,41,704882,5.8,5.9,4.2,8,0.9
,Idaho,16,1999,1999,31,726968,4.3,4.4,3,6.3,0.8
,Idaho,16,2000,2000,29,737501,3.9,4.1,2.7,5.9,0.8
,Idaho,16,2001,2001,35,751478,4.7,4.8,3.3,6.6,0.8
,Idaho,16,2002,2002,44,757589,5.8,5.9,4.3,7.9,0.9
,Idaho,16,2003,2003,60,766175,7.8,8.2,6.2,10.5,1.1
,Idaho,16,2004,2004,45,778359,5.8,5.9,4.3,7.8,0.9
,Idaho,16,2005,2005,27,793050,3.4,3.4,2.2,4.9,0.6
,Idaho,16,2006,2006,32,809197,4,4,2.7,5.7,0.7
,Idaho,16,2007,2007,43,822146,5.2,5.3,3.8,7.1,0.8
,Idaho,16,2008,2008,40,830535,4.8,4.9,3.5,6.8,0.8
,Idaho,16,2009,2009,46,832962,5.5,5.5,4,7.4,0.8
,Idaho,16,2010,2010,37,832679,4.4,4.5,3.2,6.3,0.8
,Idaho,16,2011,2011,36,834689,4.3,4.3,3,6,0.7
,Idaho,16,2012,2012,50,833583,6,6.2,4.6,8.1,0.9
,Idaho,16,2013,2013,50,835179,6,6.3,4.7,8.4,0.9
,Idaho,16,2014,2014,40,841452,4.8,4.9,3.5,6.7,0.8
,Idaho,16,2015,2015,46,847635,5.4,5.8,4.2,7.7,0.9
,Idaho,16,2016,2016,39,856807,4.6,4.6,3.3,6.3,0.7
,Idaho,16,2017,2017,41,872006,4.7,5,3.6,6.8,0.8
,Idaho,16,2018,2018,42,890736,4.7,4.9,3.6,6.7,0.8
,Idaho,16,2019,2019,30,907047,3.3,3.5,2.4,5,0.6
,Idaho,16,2020,2020,53,928420,5.7,6,4.5,7.9,0.8
,Illinois,17,1999,1999,292,7124507,4.1,4.2,3.8,4.7,0.2
,Illinois,17,2000,2000,314,7167131,4.4,4.5,4,5,0.3
,Illinois,17,2001,2001,314,7217810,4.4,4.4,3.9,4.9,0.2
,Illinois,17,2002,2002,338,7206556,4.7,4.7,4.2,5.2,0.3
,Illinois,17,2003,2003,278,7200229,3.9,3.8,3.4,4.3,0.2
,Illinois,17,2004,2004,311,7205012,4.3,4.3,3.8,4.8,0.2
,Illinois,17,2005,2005,330,7199796,4.6,4.5,4,5,0.2
,Illinois,17,2006,2006,331,7204002,4.6,4.5,4.1,5,0.3
,Illinois,17,2007,2007,310,7208053,4.3,4.2,3.7,4.6,0.2
,Illinois,17,2008,2008,317,7205630,4.4,4.2,3.8,4.7,0.2
,Illinois,17,2009,2009,318,7194242,4.4,4.3,3.8,4.7,0.2
,Illinois,17,2010,2010,309,7173782,4.3,4.2,3.7,4.7,0.2
,Illinois,17,2011,2011,255,7137539,3.6,3.5,3,3.9,0.2
,Illinois,17,2012,2012,289,7092836,4.1,4,3.5,4.4,0.2
,Illinois,17,2013,2013,324,7048756,4.6,4.6,4.1,5.1,0.3
,Illinois,17,2014,2014,301,7001905,4.3,4.2,3.8,4.7,0.2
,Illinois,17,2015,2015,307,6942832,4.4,4.4,3.9,4.9,0.3
,Illinois,17,2016,2016,280,6862146,4.1,4,3.6,4.5,0.2
,Illinois,17,2017,2017,308,6800637,4.5,4.5,4,5,0.3
,Illinois,17,2018,2018,317,6725063,4.7,4.8,4.2,5.3,0.3
,Illinois,17,2019,2019,314,6647627,4.7,4.8,4.2,5.3,0.3
,Illinois,17,2020,2020,391,6574036,5.9,6.1,5.5,6.7,0.3
,Indiana,18,1999,1999,171,3470696,4.9,5,4.3,5.8,0.4
,Indiana,18,2000,2000,192,3487906,5.5,5.6,4.8,6.3,0.4
,Indiana,18,2001,2001,210,3515400,6,6,5.1,6.8,0.4
,Indiana,18,2002,2002,177,3509804,5,5,4.3,5.7,0.4
,Indiana,18,2003,2003,168,3518643,4.8,4.7,4,5.4,0.4
,Indiana,18,2004,2004,164,3524224,4.7,4.6,3.9,5.3,0.4
,Indiana,18,2005,2005,154,3536245,4.4,4.2,3.6,4.9,0.3
,Indiana,18,2006,2006,203,3549806,5.7,5.6,4.8,6.4,0.4
,Indiana,18,2007,2007,188,3555205,5.3,5.1,4.4,5.8,0.4
,Indiana,18,2008,2008,184,3557433,5.2,5.1,4.3,5.8,0.4
,Indiana,18,2009,2009,202,3551044,5.7,5.5,4.7,6.2,0.4
,Indiana,18,2010,2010,189,3542484,5.3,5,4.3,5.8,0.4
,Indiana,18,2011,2011,191,3531960,5.4,5.2,4.5,6,0.4
,Indiana,18,2012,2012,205,3515231,5.8,5.7,5,6.5,0.4
,Indiana,18,2013,2013,193,3510877,5.5,5.4,4.6,6.2,0.4
,Indiana,18,2014,2014,210,3502781,6,5.9,5.1,6.7,0.4
,Indiana,18,2015,2015,235,3493359,6.7,6.8,5.9,7.7,0.4
,Indiana,18,2016,2016,246,3476714,7.1,7.1,6.2,8,0.5
,Indiana,18,2017,2017,241,3471732,6.9,7,6.1,7.9,0.5
,Indiana,18,2018,2018,215,3466331,6.2,6.3,5.4,7.1,0.4
,Indiana,18,2019,2019,228,3474073,6.6,6.8,5.9,7.7,0.5
,Indiana,18,2020,2020,280,3473112,8.1,8.4,7.4,9.3,0.5
,Iowa,19,1999,1999,58,1625275,3.6,3.6,2.8,4.7,0.5
,Iowa,19,2000,2000,45,1631136,2.8,2.8,2,3.7,0.4
,Iowa,19,2001,2001,51,1636587,3.1,3,2.3,4,0.4
,Iowa,19,2002,2002,67,1630157,4.1,4.1,3.2,5.2,0.5
,Iowa,19,2003,2003,67,1627942,4.1,3.9,3,5,0.5
,Iowa,19,2004,2004,57,1628581,3.5,3.4,2.5,4.4,0.4
,Iowa,19,2005,2005,55,1628544,3.4,3.3,2.5,4.3,0.4
,Iowa,19,2006,2006,63,1629442,3.9,3.7,2.8,4.8,0.5
,Iowa,19,2007,2007,68,1626149,4.2,4,3.1,5.1,0.5
,Iowa,19,2008,2008,60,1624154,3.7,3.6,2.7,4.6,0.5
,Iowa,19,2009,2009,65,1620178,4,3.9,3,5,0.5
,Iowa,19,2010,2010,62,1617044,3.8,3.8,2.9,4.8,0.5
,Iowa,19,2011,2011,55,1613689,3.4,3.2,2.4,4.2,0.4
,Iowa,19,2012,2012,57,1608873,3.5,3.6,2.7,4.6,0.5
,Iowa,19,2013,2013,70,1605891,4.4,4.4,3.4,5.6,0.5
,Iowa,19,2014,2014,77,1604935,4.8,5,4,6.3,0.6
,Iowa,19,2015,2015,93,1602181,5.8,5.9,4.8,7.2,0.6
,Iowa,19,2016,2016,78,1597460,4.9,5.1,4,6.4,0.6
,Iowa,19,2017,2017,93,1593796,5.8,6,4.8,7.4,0.6
,Iowa,19,2018,2018,80,1590881,5,5.3,4.2,6.6,0.6
,Iowa,19,2019,2019,59,1582289,3.7,4,3,5.1,0.5
,Iowa,19,2020,2020,86,1584807,5.4,5.7,4.6,7,0.6
,Kansas,20,1999,1999,70,1516319,4.6,4.8,3.7,6,0.6
,Kansas,20,2000,2000,66,1523636,4.3,4.4,3.4,5.6,0.5
,Kansas,20,2001,2001,79,1535070,5.1,5.1,4.1,6.4,0.6
,Kansas,20,2002,2002,75,1535645,4.9,4.9,3.9,6.1,0.6
,Kansas,20,2003,2003,69,1533693,4.5,4.5,3.5,5.7,0.5
,Kansas,20,2004,2004,72,1534923,4.7,4.6,3.6,5.8,0.5
,Kansas,20,2005,2005,61,1534307,4,3.9,2.9,5,0.5
,Kansas,20,2006,2006,95,1536627,6.2,6,4.9,7.4,0.6
,Kansas,20,2007,2007,64,1536008,4.2,3.9,3,5,0.5
,Kansas,20,2008,2008,77,1539273,5,4.9,3.8,6.1,0.6
,Kansas,20,2009,2009,74,1538726,4.8,4.6,3.6,5.8,0.5
,Kansas,20,2010,2010,72,1538932,4.7,4.5,3.5,5.7,0.5
,Kansas,20,2011,2011,100,1537305,6.5,6.4,5.1,7.6,0.6
,Kansas,20,2012,2012,83,1533918,5.4,5.5,4.4,6.8,0.6
,Kansas,20,2013,2013,78,1526339,5.1,5.2,4.1,6.6,0.6
,Kansas,20,2014,2014,78,1521945,5.1,5.2,4.1,6.5,0.6
,Kansas,20,2015,2015,74,1518531,4.9,5,4,6.3,0.6
,Kansas,20,2016,2016,92,1503049,6.1,6.3,5.1,7.8,0.7
,Kansas,20,2017,2017,95,1496688,6.3,6.8,5.5,8.3,0.7
,Kansas,20,2018,2018,79,1488437,5.3,5.6,4.4,7,0.6
,Kansas,20,2019,2019,74,1484725,5,5.3,4.2,6.7,0.6
,Kansas,20,2020,2020,105,1481335,7.1,7.6,6.1,9,0.7
,Kentucky,21,1999,1999,138,2325876,5.9,6,5,7,0.5
,Kentucky,21,2000,2000,129,2339741,5.5,5.5,4.6,6.5,0.5
,Kentucky,21,2001,2001,131,2354146,5.6,5.5,4.6,6.4,0.5
,Kentucky,21,2002,2002,154,2350141,6.6,6.4,5.4,7.4,0.5
,Kentucky,21,2003,2003,142,2350401,6,5.9,4.9,6.9,0.5
,Kentucky,21,2004,2004,162,2357747,6.9,6.7,5.7,7.8,0.5
,Kentucky,21,2005,2005,148,2365427,6.3,6.1,5.1,7.1,0.5
,Kentucky,21,2006,2006,130,2369150,5.5,5.3,4.4,6.2,0.5
,Kentucky,21,2007,2007,172,2377676,7.2,6.9,5.9,8,0.5
,Kentucky,21,2008,2008,173,2376035,7.3,6.9,5.8,7.9,0.5
,Kentucky,21,2009,2009,163,2375351,6.9,6.4,5.4,7.4,0.5
,Kentucky,21,2010,2010,140,2372738,5.9,5.5,4.6,6.4,0.5
,Kentucky,21,2011,2011,174,2367930,7.3,6.9,5.8,7.9,0.5
,Kentucky,21,2012,2012,192,2353712,8.2,7.9,6.8,9,0.6
,Kentucky,21,2013,2013,158,2344656,6.7,6.6,5.5,7.6,0.5
,Kentucky,21,2014,2014,159,2338863,6.8,6.6,5.6,7.7,0.5
,Kentucky,21,2015,2015,184,2327895,7.9,7.7,6.6,8.9,0.6
,Kentucky,21,2016,2016,213,2318844,9.2,9,7.8,10.3,0.6
,Kentucky,21,2017,2017,197,2309988,8.5,8.4,7.3,9.6,0.6
,Kentucky,21,2018,2018,213,2302505,9.3,9.3,8.1,10.6,0.6
,Kentucky,21,2019,2019,215,2285793,9.4,9.3,8.1,10.6,0.6
,Kentucky,21,2020,2020,196,2279819,8.6,8.8,7.5,10,0.6
,Louisiana,22,1999,1999,224,2566565,8.7,9.2,8,10.4,0.6
,Louisiana,22,2000,2000,209,2570915,8.1,8.4,7.3,9.6,0.6
,Louisiana,22,2001,2001,197,2581946,7.6,7.8,6.7,8.9,0.6
,Louisiana,22,2002,2002,240,2583120,9.3,9.4,8.2,10.6,0.6
,Louisiana,22,2003,2003,202,2586397,7.8,7.9,6.8,8.9,0.6
,Louisiana,22,2004,2004,239,2600369,9.2,9.3,8.1,10.5,0.6
,Louisiana,22,2005,2005,221,2604885,8.5,8.5,7.3,9.6,0.6
,Louisiana,22,2006,2006,169,2440063,6.9,6.8,5.8,7.9,0.5
,Louisiana,22,2007,2007,175,2467783,7.1,7,5.9,8,0.5
,Louisiana,22,2008,2008,157,2484290,6.3,6.2,5.3,7.2,0.5
,Louisiana,22,2009,2009,166,2501790,6.6,6.6,5.6,7.6,0.5
,Louisiana,22,2010,2010,149,2512495,5.9,5.8,4.9,6.8,0.5
,Louisiana,22,2011,2011,182,2509176,7.3,7.2,6.1,8.3,0.5
,Louisiana,22,2012,2012,166,2504468,6.6,6.6,5.6,7.6,0.5
,Louisiana,22,2013,2013,178,2503504,7.1,7.2,6.1,8.2,0.5
,Louisiana,22,2014,2014,178,2498883,7.1,7.1,6.1,8.2,0.5
,Louisiana,22,2015,2015,180,2491728,7.2,7.4,6.3,8.5,0.6
,Louisiana,22,2016,2016,199,2477601,8,8.3,7.1,9.4,0.6
,Louisiana,22,2017,2017,174,2456560,7.1,7.4,6.3,8.5,0.6
,Louisiana,22,2018,2018,188,2419335,7.8,8.1,7,9.3,0.6
,Louisiana,22,2019,2019,193,2393697,8.1,8.3,7.2,9.5,0.6
,Louisiana,22,2020,2020,246,2379177,10.3,10.9,9.5,12.3,0.7
,Maine,23,1999,1999,26,717979,3.6,3.4,2.2,5,0.7
,Maine,23,2000,2000,38,722334,5.3,4.9,3.5,6.7,0.8
,Maine,23,2001,2001,34,729119,4.7,4.2,2.9,5.9,0.7
,Maine,23,2002,2002,40,730956,5.5,5,3.6,6.8,0.8
,Maine,23,2003,2003,32,733985,4.4,4,2.7,5.7,0.7
,Maine,23,2004,2004,27,733605,3.7,3.3,2.2,4.9,0.6
,Maine,23,2005,2005,32,732340,4.4,4.1,2.8,5.9,0.7
,Maine,23,2006,2006,33,729152,4.5,4,2.7,5.6,0.7
,Maine,23,2007,2007,42,724427,5.8,5.2,3.7,7,0.8
,Maine,23,2008,2008,32,719394,4.4,4.1,2.8,5.8,0.7
,Maine,23,2009,2009,37,710383,5.2,4.6,3.3,6.4,0.8
,Maine,23,2010,2010,40,702531,5.7,5,3.5,6.8,0.8
,Maine,23,2011,2011,33,692996,4.8,4.1,2.8,5.8,0.7
,Maine,23,2012,2012,46,684351,6.7,6.1,4.4,8.1,0.9
,Maine,23,2013,2013,39,676104,5.8,5,3.5,6.9,0.8
,Maine,23,2014,2014,44,669303,6.6,6,4.3,8.1,0.9
,Maine,23,2015,2015,45,661516,6.8,6.4,4.7,8.7,1
,Maine,23,2016,2016,39,655945,5.9,5.3,3.8,7.3,0.9
,Maine,23,2017,2017,32,651859,4.9,4.2,2.9,6,0.8
,Maine,23,2018,2018,34,645311,5.3,4.7,3.3,6.7,0.8
,Maine,23,2019,2019,49,643750,7.6,7.1,5.2,9.4,1
,Maine,23,2020,2020,46,643318,7.2,6.7,4.9,8.9,1
,Maryland,24,1999,1999,160,3068451,5.2,5.1,4.3,5.9,0.4
,Maryland,24,2000,2000,153,3089957,5,4.8,4,5.6,0.4
,Maryland,24,2001,2001,166,3136686,5.3,5,4.3,5.8,0.4
,Maryland,24,2002,2002,155,3158620,4.9,4.7,4,5.4,0.4
,Maryland,24,2003,2003,150,3179915,4.7,4.5,3.8,5.2,0.4
,Maryland,24,2004,2004,159,3199875,5,4.7,4,5.4,0.4
,Maryland,24,2005,2005,143,3224066,4.4,4.2,3.5,4.9,0.4
,Maryland,24,2006,2006,134,3240007,4.1,3.9,3.2,4.5,0.3
,Maryland,24,2007,2007,144,3244358,4.4,4.1,3.5,4.8,0.3
,Maryland,24,2008,2008,154,3245785,4.7,4.5,3.8,5.2,0.4
,Maryland,24,2009,2009,151,3250927,4.6,4.3,3.6,5,0.3
,Maryland,24,2010,2010,150,3259757,4.6,4.3,3.6,5,0.4
,Maryland,24,2011,2011,162,3261750,5,4.7,4,5.5,0.4
,Maryland,24,2012,2012,136,3273449,4.2,3.9,3.3,4.6,0.3
,Maryland,24,2013,2013,150,3267980,4.6,4.3,3.6,4.9,0.4
,Maryland,24,2014,2014,142,3267238,4.3,4.1,3.4,4.8,0.3
,Maryland,24,2015,2015,134,3256940,4.1,3.9,3.3,4.6,0.3
,Maryland,24,2016,2016,165,3229072,5.1,4.9,4.2,5.7,0.4
,Maryland,24,2017,2017,164,3222591,5.1,4.9,4.2,5.7,0.4
,Maryland,24,2018,2018,166,3185394,5.2,5.1,4.3,5.9,0.4
,Maryland,24,2019,2019,173,3157959,5.5,5.4,4.6,6.2,0.4
,Maryland,24,2020,2020,225,3141301,7.2,7.1,6.2,8.1,0.5
,Massachusetts,25,1999,1999,128,3666339,3.5,3.5,2.9,4.1,0.3
,Massachusetts,25,2000,2000,130,3683152,3.5,3.5,2.9,4.1,0.3
,Massachusetts,25,2001,2001,145,3718367,3.9,3.8,3.2,4.4,0.3
,Massachusetts,25,2002,2002,140,3711003,3.8,3.7,3.1,4.3,0.3
,Massachusetts,25,2003,2003,142,3702959,3.8,3.7,3.1,4.3,0.3
,Massachusetts,25,2004,2004,114,3685885,3.1,3,2.4,3.5,0.3
,Massachusetts,25,2005,2005,138,3675054,3.8,3.6,3,4.2,0.3
,Massachusetts,25,2006,2006,93,3671906,2.5,2.4,1.9,3,0.3
,Massachusetts,25,2007,2007,111,3670775,3,2.9,2.3,3.4,0.3
,Massachusetts,25,2008,2008,115,3676251,3.1,2.9,2.4,3.5,0.3
,Massachusetts,25,2009,2009,93,3685145,2.5,2.4,1.9,2.9,0.2
,Massachusetts,25,2010,2010,100,3683149,2.7,2.5,2,3,0.3
,Massachusetts,25,2011,2011,102,3678309,2.8,2.6,2.1,3.1,0.3
,Massachusetts,25,2012,2012,102,3689594,2.8,2.7,2.1,3.2,0.3
,Massachusetts,25,2013,2013,97,3692359,2.6,2.5,2,3,0.3
,Massachusetts,25,2014,2014,109,3703333,2.9,2.9,2.3,3.4,0.3
,Massachusetts,25,2015,2015,131,3707816,3.5,3.3,2.7,3.9,0.3
,Massachusetts,25,2016,2016,114,3693396,3.1,3,2.5,3.6,0.3
,Massachusetts,25,2017,2017,114,3698521,3.1,3,2.4,3.5,0.3
,Massachusetts,25,2018,2018,141,3704569,3.8,3.9,3.3,4.6,0.3
,Massachusetts,25,2019,2019,116,3671584,3.2,3.2,2.6,3.8,0.3
,Massachusetts,25,2020,2020,166,3652740,4.5,4.6,3.9,5.3,0.4
,Michigan,26,1999,1999,290,5671101,5.1,5.1,4.5,5.7,0.3
,Michigan,26,2000,2000,267,5692189,4.7,4.6,4.1,5.2,0.3
,Michigan,26,2001,2001,291,5723596,5.1,5,4.4,5.5,0.3
,Michigan,26,2002,2002,340,5704275,6,5.8,5.2,6.4,0.3
,Michigan,26,2003,2003,277,5695687,4.9,4.7,4.1,5.2,0.3
,Michigan,26,2004,2004,312,5677453,5.5,5.3,4.7,5.8,0.3
,Michigan,26,2005,2005,288,5657669,5.1,4.9,4.3,5.5,0.3
,Michigan,26,2006,2006,318,5621422,5.7,5.4,4.8,6,0.3
,Michigan,26,2007,2007,278,5563351,5,4.7,4.2,5.3,0.3
,Michigan,26,2008,2008,265,5487320,4.8,4.6,4,5.1,0.3
,Michigan,26,2009,2009,299,5411666,5.5,5.2,4.6,5.8,0.3
,Michigan,26,2010,2010,248,5360827,4.6,4.4,3.8,4.9,0.3
,Michigan,26,2011,2011,270,5307779,5.1,4.8,4.2,5.3,0.3
,Michigan,26,2012,2012,247,5264266,4.7,4.5,3.9,5,0.3
,Michigan,26,2013,2013,279,5221939,5.3,5.2,4.6,5.8,0.3
,Michigan,26,2014,2014,312,5193423,6,5.8,5.1,6.4,0.3
,Michigan,26,2015,2015,308,5163389,6,5.8,5.2,6.5,0.3
,Michigan,26,2016,2016,265,5132290,5.2,5.1,4.5,5.7,0.3
,Michigan,26,2017,2017,305,5111441,6,5.9,5.3,6.6,0.3
,Michigan,26,2018,2018,282,5098274,5.5,5.5,4.8,6.1,0.3
,Michigan,26,2019,2019,290,5058790,5.7,5.8,5.1,6.4,0.3
,Michigan,26,2020,2020,389,5019028,7.8,7.9,7.1,8.7,0.4
,Minnesota,27,1999,1999,100,2827520,3.5,3.6,2.9,4.3,0.4
,Minnesota,27,2000,2000,115,2859861,4,4,3.3,4.8,0.4
,Minnesota,27,2001,2001,120,2902968,4.1,4.1,3.4,4.8,0.4
,Minnesota,27,2002,2002,106,2912294,3.6,3.6,2.9,4.3,0.4
,Minnesota,27,2003,2003,137,2923326,4.7,4.6,3.8,5.3,0.4
,Minnesota,27,2004,2004,100,2931417,3.4,3.3,2.7,4,0.3
,Minnesota,27,2005,2005,97,2939294,3.3,3.2,2.6,3.9,0.3
,Minnesota,27,2006,2006,110,2947357,3.7,3.6,2.9,4.2,0.3
,Minnesota,27,2007,2007,115,2950351,3.9,3.7,3,4.4,0.3
,Minnesota,27,2008,2008,102,2948697,3.5,3.3,2.6,3.9,0.3
,Minnesota,27,2009,2009,80,2939656,2.7,2.6,2,3.2,0.3
,Minnesota,27,2010,2010,108,2928058,3.7,3.4,2.7,4,0.3
,Minnesota,27,2011,2011,98,2920676,3.4,3.2,2.6,3.9,0.3
,Minnesota,27,2012,2012,108,2911995,3.7,3.5,2.9,4.2,0.3
,Minnesota,27,2013,2013,117,2902676,4,3.9,3.2,4.6,0.4
,Minnesota,27,2014,2014,103,2896736,3.6,3.5,2.8,4.1,0.3
,Minnesota,27,2015,2015,101,2886155,3.5,3.4,2.8,4.1,0.3
,Minnesota,27,2016,2016,123,2875413,4.3,4.3,3.5,5,0.4
,Minnesota,27,2017,2017,109,2884638,3.8,3.8,3.1,4.5,0.4
,Minnesota,27,2018,2018,103,2880555,3.6,3.6,2.9,4.3,0.4
,Minnesota,27,2019,2019,124,2878614,4.3,4.4,3.7,5.2,0.4
,Minnesota,27,2020,2020,141,2877139,4.9,5,4.2,5.8,0.4
,Mississippi,28,1999,1999,78,1605181,4.9,5.2,4.1,6.5,0.6
,Mississippi,28,2000,2000,98,1615286,6.1,6.4,5.2,7.7,0.6
,Mississippi,28,2001,2001,87,1621794,5.4,5.5,4.4,6.8,0.6
,Mississippi,28,2002,2002,109,1616564,6.7,6.9,5.6,8.2,0.7
,Mississippi,28,2003,2003,97,1614933,6,6.1,5,7.5,0.6
,Mississippi,28,2004,2004,94,1620745,5.8,5.9,4.8,7.2,0.6
,Mississippi,28,2005,2005,101,1624345,6.2,6.2,5,7.5,0.6
,Mississippi,28,2006,2006,113,1616272,7,7,5.7,8.3,0.7
,Mississippi,28,2007,2007,103,1621030,6.4,6.4,5.1,7.6,0.6
,Mississippi,28,2008,2008,133,1623666,8.2,8.1,6.7,9.4,0.7
,Mississippi,28,2009,2009,132,1619051,8.2,8,6.6,9.4,0.7
,Mississippi,28,2010,2010,147,1614689,9.1,9,7.5,10.5,0.7
,Mississippi,28,2011,2011,165,1606384,10.3,10.3,8.7,11.9,0.8
,Mississippi,28,2012,2012,148,1596375,9.3,9.2,7.7,10.7,0.8
,Mississippi,28,2013,2013,165,1592203,10.4,10.6,9,12.3,0.8
,Mississippi,28,2014,2014,153,1583945,9.7,9.9,8.3,11.5,0.8
,Mississippi,28,2015,2015,167,1572633,10.6,10.8,9.2,12.5,0.8
,Mississippi,28,2016,2016,176,1561217,11.3,11.5,9.8,13.2,0.9
,Mississippi,28,2017,2017,154,1548249,9.9,10.1,8.5,11.7,0.8
,Mississippi,28,2018,2018,181,1540791,11.7,12.1,10.4,13.9,0.9
,Mississippi,28,2019,2019,166,1524408,10.9,11.2,9.5,12.9,0.9
,Mississippi,28,2020,2020,240,1510848,15.9,16.5,14.4,18.6,1.1
,Missouri,29,1999,1999,159,3127713,5.1,5.2,4.4,6,0.4
,Missouri,29,2000,2000,160,3151558,5.1,5.1,4.3,5.9,0.4
,Missouri,29,2001,2001,171,3185838,5.4,5.3,4.5,6.1,0.4
,Missouri,29,2002,2002,172,3191783,5.4,5.3,4.5,6.1,0.4
,Missouri,29,2003,2003,185,3202061,5.8,5.6,4.8,6.5,0.4
,Missouri,29,2004,2004,167,3216010,5.2,5.1,4.3,5.9,0.4
,Missouri,29,2005,2005,176,3231870,5.4,5.3,4.6,6.1,0.4
,Missouri,29,2006,2006,196,3247882,6,5.9,5.1,6.7,0.4
,Missouri,29,2007,2007,181,3256870,5.6,5.3,4.6,6.1,0.4
,Missouri,29,2008,2008,177,3258004,5.4,5.1,4.4,5.9,0.4
,Missouri,29,2009,2009,182,3256233,5.6,5.3,4.5,6.1,0.4
,Missouri,29,2010,2010,195,3249730,6,5.8,5,6.7,0.4
,Missouri,29,2011,2011,181,3232516,5.6,5.4,4.6,6.2,0.4
,Missouri,29,2012,2012,173,3211067,5.4,5.2,4.4,5.9,0.4
,Missouri,29,2013,2013,160,3197406,5,4.9,4.1,5.7,0.4
,Missouri,29,2014,2014,169,3185139,5.3,5,4.3,5.8,0.4
,Missouri,29,2015,2015,166,3171923,5.2,5.2,4.4,5.9,0.4
,Missouri,29,2016,2016,179,3151489,5.7,5.6,4.8,6.5,0.4
,Missouri,29,2017,2017,174,3135994,5.5,5.6,4.8,6.4,0.4
,Missouri,29,2018,2018,209,3120347,6.7,6.9,5.9,7.8,0.5
,Missouri,29,2019,2019,175,3107039,5.6,5.8,4.9,6.6,0.4
,Missouri,29,2020,2020,197,3099191,6.4,6.6,5.7,7.5,0.5
,Montana,30,1999,1999,18,507298,Unreliable,Unreliable,2.1,5.5,0.8
,Montana,30,2000,2000,19,509997,Unreliable,Unreliable,2.2,5.6,0.8
,Montana,30,2001,2001,26,513212,5.1,4.7,3.1,6.9,0.9
,Montana,30,2002,2002,30,512864,5.8,5.4,3.6,7.8,1
,Montana,30,2003,2003,30,515484,5.8,5.6,3.7,8,1
,Montana,30,2004,2004,29,518128,5.6,5,3.3,7.2,0.9
,Montana,30,2005,2005,27,520818,5.2,4.9,3.2,7.1,1
,Montana,30,2006,2006,20,523317,3.8,3.6,2.1,5.6,0.8
,Montana,30,2007,2007,28,524404,5.3,5,3.3,7.3,1
,Montana,30,2008,2008,36,524663,6.9,6.1,4.2,8.5,1
,Montana,30,2009,2009,21,521861,4,3.8,2.3,5.8,0.8
,Montana,30,2010,2010,19,519503,Unreliable,Unreliable,2.2,5.8,0.9
,Montana,30,2011,2011,35,517896,6.8,6.4,4.4,8.9,1.1
,Montana,30,2012,2012,30,515783,5.8,5.7,3.8,8.1,1.1
,Montana,30,2013,2013,26,514969,5,5.2,3.4,7.7,1
,Montana,30,2014,2014,26,514751,5.1,5,3.3,7.3,1
,Montana,30,2015,2015,49,514836,9.5,9.6,7.1,12.7,1.4
,Montana,30,2016,2016,41,515142,8,8.3,5.9,11.2,1.3
,Montana,30,2017,2017,31,516729,6,6.2,4.2,8.8,1.1
,Montana,30,2018,2018,31,520673,6,6.1,4.2,8.7,1.1
,Montana,30,2019,2019,34,521872,6.5,6.8,4.7,9.5,1.2
,Montana,30,2020,2020,37,528282,7,7.4,5.2,10.2,1.2
,Nebraska,31,1999,1999,35,961896,3.6,3.7,2.6,5.2,0.6
,Nebraska,31,2000,2000,40,968101,4.1,4.2,3,5.7,0.7
,Nebraska,31,2001,2001,41,975097,4.2,4.2,3,5.7,0.7
,Nebraska,31,2002,2002,31,975990,3.2,3.2,2.2,4.5,0.6
,Nebraska,31,2003,2003,32,978978,3.3,3.3,2.3,4.6,0.6
,Nebraska,31,2004,2004,28,980062,2.9,2.8,1.8,4,0.5
,Nebraska,31,2005,2005,43,982834,4.4,4.3,3.1,5.9,0.7
,Nebraska,31,2006,2006,46,982893,4.7,4.6,3.3,6.1,0.7
,Nebraska,31,2007,2007,35,981480,3.6,3.4,2.4,4.8,0.6
,Nebraska,31,2008,2008,42,980866,4.3,4.2,3,5.7,0.7
,Nebraska,31,2009,2009,43,981760,4.4,4.4,3.2,5.9,0.7
,Nebraska,31,2010,2010,38,982946,3.9,3.8,2.6,5.2,0.6
,Nebraska,31,2011,2011,38,983367,3.9,3.8,2.7,5.2,0.6
,Nebraska,31,2012,2012,43,981869,4.4,4.3,3.1,5.8,0.7
,Nebraska,31,2013,2013,45,982735,4.6,4.8,3.5,6.4,0.7
,Nebraska,31,2014,2014,47,983494,4.8,4.8,3.5,6.5,0.7
,Nebraska,31,2015,2015,43,984501,4.4,4.6,3.3,6.2,0.7
,Nebraska,31,2016,2016,43,982599,4.4,4.6,3.3,6.2,0.7
,Nebraska,31,2017,2017,47,983787,4.8,5.1,3.7,6.7,0.7
,Nebraska,31,2018,2018,69,983764,7,7.5,5.8,9.4,0.9
,Nebraska,31,2019,2019,54,982481,5.5,5.9,4.4,7.7,0.8
,Nebraska,31,2020,2020,67,983027,6.8,7.3,5.7,9.3,0.9
,Nevada,32,1999,1999,45,1119887,4,4.1,3,5.4,0.6
,Nevada,32,2000,2000,45,1154797,3.9,3.9,2.9,5.2,0.6
,Nevada,32,2001,2001,53,1210141,4.4,4.3,3.2,5.7,0.6
,Nevada,32,2002,2002,60,1243082,4.8,4.7,3.6,6.1,0.6
,Nevada,32,2003,2003,49,1278677,3.8,3.8,2.8,5,0.5
,Nevada,32,2004,2004,39,1330592,2.9,2.9,2.1,3.9,0.5
,Nevada,32,2005,2005,63,1380435,4.6,4.6,3.5,5.9,0.6
,Nevada,32,2006,2006,46,1432553,3.2,3.2,2.4,4.3,0.5
,Nevada,32,2007,2007,60,1474540,4.1,4,3.1,5.2,0.5
,Nevada,32,2008,2008,52,1499674,3.5,3.4,2.5,4.5,0.5
,Nevada,32,2009,2009,52,1507148,3.5,3.4,2.5,4.4,0.5
,Nevada,32,2010,2010,53,1506965,3.5,3.5,2.6,4.5,0.5
,Nevada,32,2011,2011,77,1504276,5.1,5.1,4,6.3,0.6
,Nevada,32,2012,2012,65,1514849,4.3,4.2,3.2,5.3,0.5
,Nevada,32,2013,2013,63,1521656,4.1,4.1,3.2,5.3,0.5
,Nevada,32,2014,2014,55,1539652,3.6,3.6,2.7,4.6,0.5
,Nevada,32,2015,2015,67,1557774,4.3,4.2,3.3,5.4,0.5
,Nevada,32,2016,2016,74,1572335,4.7,4.7,3.7,5.9,0.6
,Nevada,32,2017,2017,83,1597297,5.2,5.1,4,6.3,0.6
,Nevada,32,2018,2018,69,1607026,4.3,4.3,3.3,5.4,0.5
,Nevada,32,2019,2019,98,1623067,6,6.1,4.9,7.4,0.6
,Nevada,32,2020,2020,128,1649137,7.8,7.8,6.5,9.2,0.7
,New Hampshire,33,1999,1999,18,712563,Unreliable,Unreliable,1.5,3.9,0.6
,New Hampshire,33,2000,2000,22,720680,3.1,2.9,1.8,4.4,0.6
,New Hampshire,33,2001,2001,33,733851,4.5,4.1,2.8,5.8,0.7
,New Hampshire,33,2002,2002,29,737235,3.9,3.6,2.4,5.1,0.7
,New Hampshire,33,2003,2003,27,740395,3.6,3.3,2.2,4.9,0.6
,New Hampshire,33,2004,2004,25,742383,3.4,3,2,4.5,0.6
,New Hampshire,33,2005,2005,35,744945,4.7,4.3,3,5.9,0.7
,New Hampshire,33,2006,2006,23,746470,3.1,2.8,1.7,4.2,0.6
,New Hampshire,33,2007,2007,30,743680,4,3.6,2.4,5.2,0.7
,New Hampshire,33,2008,2008,36,739388,4.9,4.2,3,5.9,0.7
,New Hampshire,33,2009,2009,30,733081,4.1,3.6,2.4,5.1,0.7
,New Hampshire,33,2010,2010,24,727777,3.3,3.1,2,4.7,0.6
,New Hampshire,33,2011,2011,31,721275,4.3,3.7,2.5,5.3,0.7
,New Hampshire,33,2012,2012,27,715425,3.8,3.4,2.2,5,0.7
,New Hampshire,33,2013,2013,23,707558,3.3,2.9,1.8,4.3,0.6
,New Hampshire,33,2014,2014,24,702061,3.4,2.8,1.8,4.2,0.6
,New Hampshire,33,2015,2015,37,696212,5.3,4.9,3.4,6.8,0.8
,New Hampshire,33,2016,2016,23,690492,3.3,3.1,1.9,4.7,0.7
,New Hampshire,33,2017,2017,29,687351,4.2,4,2.7,5.8,0.8
,New Hampshire,33,2018,2018,20,688804,2.9,2.7,1.6,4.2,0.6
,New Hampshire,33,2019,2019,33,684463,4.8,4.7,3.2,6.6,0.8
,New Hampshire,33,2020,2020,31,682610,4.5,4.4,3,6.3,0.8
,New Jersey,34,1999,1999,242,4767340,5.1,5,4.4,5.6,0.3
,New Jersey,34,2000,2000,257,4788339,5.4,5.2,4.5,5.8,0.3
,New Jersey,34,2001,2001,255,4834169,5.3,5,4.4,5.7,0.3
,New Jersey,34,2002,2002,234,4841509,4.8,4.6,4,5.2,0.3
,New Jersey,34,2003,2003,277,4853453,5.7,5.4,4.7,6,0.3
,New Jersey,34,2004,2004,243,4864170,5,4.7,4.1,5.3,0.3
,New Jersey,34,2005,2005,238,4871263,4.9,4.5,4,5.1,0.3
,New Jersey,34,2006,2006,238,4870345,4.9,4.5,3.9,5.1,0.3
,New Jersey,34,2007,2007,221,4867837,4.5,4.1,3.6,4.7,0.3
,New Jersey,34,2008,2008,212,4869475,4.4,4,3.4,4.5,0.3
,New Jersey,34,2009,2009,195,4869705,4,3.7,3.1,4.2,0.3
,New Jersey,34,2010,2010,224,4866631,4.6,4.2,3.6,4.7,0.3
,New Jersey,34,2011,2011,254,4846590,5.2,4.7,4.1,5.3,0.3
,New Jersey,34,2012,2012,196,4843588,4,3.7,3.2,4.2,0.3
,New Jersey,34,2013,2013,178,4821753,3.7,3.4,2.9,3.9,0.3
,New Jersey,34,2014,2014,216,4813152,4.5,4.1,3.6,4.7,0.3
,New Jersey,34,2015,2015,198,4790380,4.1,3.8,3.3,4.3,0.3
,New Jersey,34,2016,2016,186,4744848,3.9,3.7,3.2,4.3,0.3
,New Jersey,34,2017,2017,194,4741332,4.1,3.8,3.3,4.3,0.3
,New Jersey,34,2018,2018,176,4639858,3.8,3.6,3.1,4.2,0.3
,New Jersey,34,2019,2019,170,4584349,3.7,3.5,3,4.1,0.3
,New Jersey,34,2020,2020,272,4554549,6,5.7,5.1,6.4,0.3
,New Mexico,35,1999,1999,53,1023283,5.2,5.3,3.9,6.9,0.7
,New Mexico,35,2000,2000,50,1028961,4.9,4.9,3.6,6.4,0.7
,New Mexico,35,2001,2001,63,1035990,6.1,6.1,4.7,7.8,0.8
,New Mexico,35,2002,2002,56,1045757,5.4,5.3,4,6.8,0.7
,New Mexico,35,2003,2003,75,1055300,7.1,7.1,5.5,8.9,0.8
,New Mexico,35,2004,2004,76,1066457,7.1,7.2,5.6,9,0.8
,New Mexico,35,2005,2005,77,1076150,7.2,7,5.5,8.8,0.8
,New Mexico,35,2006,2006,73,1085030,6.7,6.6,5.2,8.3,0.8
,New Mexico,35,2007,2007,76,1091398,7,6.7,5.3,8.4,0.8
,New Mexico,35,2008,2008,70,1091886,6.4,6.5,5,8.2,0.8
,New Mexico,35,2009,2009,74,1095217,6.8,6.5,5.1,8.2,0.8
,New Mexico,35,2010,2010,87,1100008,7.9,7.9,6.3,9.8,0.9
,New Mexico,35,2011,2011,69,1100186,6.3,6.1,4.7,7.7,0.7
,New Mexico,35,2012,2012,77,1093248,7,7.1,5.6,8.9,0.8
,New Mexico,35,2013,2013,88,1086244,8.1,8,6.4,9.9,0.9
,New Mexico,35,2014,2014,76,1078070,7,7.1,5.6,8.9,0.8
,New Mexico,35,2015,2015,80,1069653,7.5,7.7,6.1,9.6,0.9
,New Mexico,35,2016,2016,86,1058802,8.1,8.6,6.8,10.6,0.9
,New Mexico,35,2017,2017,91,1056322,8.6,9.1,7.3,11.2,1
,New Mexico,35,2018,2018,85,1056083,8,8.5,6.8,10.5,0.9
,New Mexico,35,2019,2019,88,1053048,8.4,8.8,7,10.8,0.9
,New Mexico,35,2020,2020,101,1057468,9.6,10.3,8.3,12.3,1
,New York,36,1999,1999,383,10875539,3.5,3.6,3.2,3.9,0.2
,New York,36,2000,2000,438,10916411,4,4,3.6,4.4,0.2
,New York,36,2001,2001,425,10991866,3.9,3.8,3.5,4.2,0.2
,New York,36,2002,2002,412,10977685,3.8,3.7,3.4,4.1,0.2
,New York,36,2003,2003,404,10980929,3.7,3.6,3.3,4,0.2
,New York,36,2004,2004,420,10960875,3.8,3.8,3.4,4.1,0.2
,New York,36,2005,2005,401,10932518,3.7,3.6,3.2,3.9,0.2
,New York,36,2006,2006,444,10909750,4.1,4,3.6,4.4,0.2
,New York,36,2007,2007,426,10903170,3.9,3.8,3.4,4.1,0.2
,New York,36,2008,2008,384,10919993,3.5,3.4,3,3.7,0.2
,New York,36,2009,2009,413,10929133,3.8,3.7,3.3,4.1,0.2
,New York,36,2010,2010,368,10925258,3.4,3.2,2.9,3.6,0.2
,New York,36,2011,2011,442,10896305,4.1,3.9,3.6,4.3,0.2
,New York,36,2012,2012,407,10889167,3.7,3.7,3.3,4.1,0.2
,New York,36,2013,2013,407,10859098,3.7,3.7,3.3,4.1,0.2
,New York,36,2014,2014,422,10850164,3.9,3.9,3.5,4.2,0.2
,New York,36,2015,2015,412,10804909,3.8,3.8,3.4,4.1,0.2
,New York,36,2016,2016,432,10688742,4,4,3.6,4.4,0.2
,New York,36,2017,2017,409,10646260,3.8,3.8,3.5,4.2,0.2
,New York,36,2018,2018,470,10356416,4.5,4.6,4.2,5,0.2
,New York,36,2019,2019,438,10214662,4.3,4.3,3.9,4.7,0.2
,New York,36,2020,2020,531,10069524,5.3,5.4,4.9,5.8,0.2
,North Carolina,37,1999,1999,273,4652892,5.9,6,5.3,6.7,0.4
,North Carolina,37,2000,2000,278,4703124,5.9,6,5.3,6.7,0.4
,North Carolina,37,2001,2001,265,4786920,5.5,5.6,4.9,6.2,0.3
,North Carolina,37,2002,2002,305,4814302,6.3,6.3,5.6,7.1,0.4
,North Carolina,37,2003,2003,294,4828334,6.1,6,5.3,6.7,0.4
,North Carolina,37,2004,2004,291,4883316,6,5.9,5.2,6.5,0.3
,North Carolina,37,2005,2005,278,4946318,5.6,5.5,4.8,6.1,0.3
,North Carolina,37,2006,2006,313,5042946,6.2,6.1,5.4,6.8,0.3
,North Carolina,37,2007,2007,301,5121532,5.9,5.7,5.1,6.4,0.3
,North Carolina,37,2008,2008,278,5203660,5.3,5.1,4.5,5.7,0.3
,North Carolina,37,2009,2009,273,5245656,5.2,5,4.4,5.6,0.3
,North Carolina,37,2010,2010,272,5263554,5.2,5,4.4,5.6,0.3
,North Carolina,37,2011,2011,308,5280796,5.8,5.7,5,6.3,0.3
,North Carolina,37,2012,2012,305,5294088,5.8,5.6,4.9,6.2,0.3
,North Carolina,37,2013,2013,326,5313183,6.1,6,5.3,6.6,0.3
,North Carolina,37,2014,2014,341,5333775,6.4,6.3,5.6,6.9,0.3
,North Carolina,37,2015,2015,330,5357107,6.2,6.1,5.4,6.7,0.3
,North Carolina,37,2016,2016,365,5377212,6.8,6.7,6,7.3,0.4
,North Carolina,37,2017,2017,375,5419871,6.9,6.8,6.1,7.5,0.4
,North Carolina,37,2018,2018,408,5448942,7.5,7.5,6.8,8.2,0.4
,North Carolina,37,2019,2019,380,5470623,6.9,7,6.3,7.7,0.4
,North Carolina,37,2020,2020,469,5506506,8.5,8.6,7.8,9.4,0.4
,North Dakota,38,1999,1999,15,365193,Unreliable,Unreliable,2.4,7.1,1.1
,North Dakota,38,2000,2000,13,364443,Unreliable,Unreliable,2,6.3,1
,North Dakota,38,2001,2001,15,364639,Unreliable,Unreliable,2.3,6.7,1
,North Dakota,38,2002,2002,13,363630,Unreliable,Unreliable,1.9,6.1,1
,North Dakota,38,2003,2003,23,363917,6.3,6.1,3.9,9.2,1.3
,North Dakota,38,2004,2004,17,367298,Unreliable,Unreliable,2.8,7.7,1.2
,North Dakota,38,2005,2005,20,366736,5.5,5.5,3.4,8.5,1.3
,North Dakota,38,2006,2006,12,367105,Unreliable,Unreliable,1.6,5.4,0.9
,North Dakota,38,2007,2007,17,366064,Unreliable,Unreliable,2.6,7.3,1.1
,North Dakota,38,2008,2008,12,365407,Unreliable,Unreliable,1.6,5.5,0.9
,North Dakota,38,2009,2009,23,366786,6.3,5.9,3.7,8.9,1.2
,North Dakota,38,2011,2011,15,373252,Unreliable,Unreliable,2.3,6.9,1.1
,North Dakota,38,2012,2012,22,381374,5.8,6.7,4.1,10.2,1.4
,North Dakota,38,2013,2013,22,393422,5.6,6,3.7,9.1,1.3
,North Dakota,38,2014,2014,18,399808,Unreliable,Unreliable,3,7.9,1.2
,North Dakota,38,2015,2015,23,407796,5.6,6.4,4,9.6,1.3
,North Dakota,38,2016,2016,16,402442,Unreliable,Unreliable,2.7,7.7,1.2
,North Dakota,38,2017,2017,27,396951,6.8,7.6,5,11,1.5
,North Dakota,38,2018,2018,28,396068,7.1,8,5.3,11.6,1.5
,North Dakota,38,2019,2019,21,394743,5.3,5.7,3.5,8.8,1.3
,North Dakota,38,2020,2020,29,395878,7.3,8.4,5.6,12.1,1.6
,Ohio,39,1999,1999,326,6426148,5.1,5.1,4.5,5.6,0.3
,Ohio,39,2000,2000,375,6437390,5.8,5.7,5.1,6.3,0.3
,Ohio,39,2001,2001,381,6463826,5.9,5.7,5.1,6.3,0.3
,Ohio,39,2002,2002,368,6437277,5.7,5.5,4.9,6.1,0.3
,Ohio,39,2003,2003,384,6426410,6,5.7,5.1,6.3,0.3
,Ohio,39,2004,2004,364,6410512,5.7,5.4,4.8,6,0.3
,Ohio,39,2005,2005,408,6393334,6.4,6,5.5,6.6,0.3
,Ohio,39,2006,2006,387,6371263,6.1,5.7,5.1,6.2,0.3
,Ohio,39,2007,2007,407,6341499,6.4,5.9,5.4,6.5,0.3
,Ohio,39,2008,2008,375,6304987,5.9,5.5,4.9,6.1,0.3
,Ohio,39,2009,2009,374,6260410,6,5.6,5.1,6.2,0.3
,Ohio,39,2010,2010,395,6218779,6.4,5.9,5.3,6.5,0.3
,Ohio,39,2011,2011,421,6163301,6.8,6.4,5.7,7,0.3
,Ohio,39,2012,2012,365,6112462,6,5.7,5.1,6.2,0.3
,Ohio,39,2013,2013,426,6077276,7,6.7,6,7.3,0.3
,Ohio,39,2014,2014,408,6043879,6.8,6.6,5.9,7.2,0.3
,Ohio,39,2015,2015,377,6013211,6.3,6.1,5.5,6.7,0.3
,Ohio,39,2016,2016,437,5973974,7.3,7.2,6.5,7.9,0.3
,Ohio,39,2017,2017,403,5957261,6.8,6.7,6.1,7.4,0.3
,Ohio,39,2018,2018,402,5942148,6.8,6.8,6.1,7.4,0.3
,Ohio,39,2019,2019,400,5906990,6.8,6.9,6.2,7.5,0.3
,Ohio,39,2020,2020,444,5885780,7.5,7.6,6.9,8.3,0.4
,Oklahoma,40,1999,1999,128,1937235,6.6,6.8,5.6,8,0.6
,Oklahoma,40,2000,2000,128,1945468,6.6,6.7,5.6,7.9,0.6
,Oklahoma,40,2001,2001,144,1958978,7.4,7.4,6.2,8.6,0.6
,Oklahoma,40,2002,2002,145,1961270,7.4,7.4,6.2,8.6,0.6
,Oklahoma,40,2003,2003,159,1960800,8.1,8.2,6.9,9.5,0.7
,Oklahoma,40,2004,2004,131,1966483,6.7,6.7,5.5,7.8,0.6
,Oklahoma,40,2005,2005,157,1972071,8,7.8,6.6,9.1,0.6
,Oklahoma,40,2006,2006,170,1987293,8.6,8.5,7.2,9.7,0.7
,Oklahoma,40,2007,2007,136,2000633,6.8,6.8,5.7,8,0.6
,Oklahoma,40,2008,2008,139,2006853,6.9,6.9,5.7,8,0.6
,Oklahoma,40,2009,2009,155,2019953,7.7,7.6,6.4,8.8,0.6
,Oklahoma,40,2010,2010,132,2027029,6.5,6.4,5.3,7.6,0.6
,Oklahoma,40,2011,2011,182,2031365,9,8.9,7.6,10.3,0.7
,Oklahoma,40,2012,2012,130,2032213,6.4,6.4,5.3,7.5,0.6
,Oklahoma,40,2013,2013,168,2037746,8.2,8.5,7.2,9.8,0.7
,Oklahoma,40,2014,2014,179,2042501,8.8,9.1,7.7,10.4,0.7
,Oklahoma,40,2015,2015,171,2048216,8.3,8.6,7.3,9.9,0.7
,Oklahoma,40,2016,2016,159,2042314,7.8,8.1,6.8,9.4,0.6
,Oklahoma,40,2017,2017,174,2036121,8.5,9,7.7,10.4,0.7
,Oklahoma,40,2018,2018,177,2031746,8.7,9.2,7.8,10.5,0.7
,Oklahoma,40,2019,2019,186,2034564,9.1,9.7,8.3,11.1,0.7
,Oklahoma,40,2020,2020,238,2044080,11.6,12.4,10.8,14,0.8
,Oregon,41,1999,1999,98,1965210,5,4.8,3.9,5.9,0.5
,Oregon,41,2000,2000,86,1979257,4.3,4.2,3.3,5.1,0.4
,Oregon,41,2001,2001,93,2005745,4.6,4.4,3.5,5.4,0.5
,Oregon,41,2002,2002,105,2018250,5.2,5,4.1,6,0.5
,Oregon,41,2003,2003,131,2024421,6.5,6,5,7.1,0.5
,Oregon,41,2004,2004,139,2022286,6.9,6.6,5.5,7.7,0.6
,Oregon,41,2005,2005,134,2033982,6.6,6.4,5.3,7.5,0.6
,Oregon,41,2006,2006,126,2051435,6.1,5.9,4.9,7,0.5
,Oregon,41,2007,2007,129,2065382,6.2,6,5,7.1,0.5
,Oregon,41,2008,2008,102,2072100,4.9,4.7,3.8,5.6,0.5
,Oregon,41,2009,2009,135,2074652,6.5,6.3,5.2,7.3,0.5
,Oregon,41,2010,2010,111,2070652,5.4,5.2,4.2,6.2,0.5
,Oregon,41,2011,2011,121,2073294,5.8,5.8,4.7,6.8,0.5
,Oregon,41,2012,2012,118,2072084,5.7,5.6,4.6,6.6,0.5
,Oregon,41,2013,2013,126,2075300,6.1,6,5,7.1,0.5
,Oregon,41,2014,2014,132,2085043,6.3,6.4,5.3,7.5,0.6
,Oregon,41,2015,2015,117,2108724,5.5,5.6,4.6,6.7,0.5
,Oregon,41,2016,2016,131,2136431,6.1,6.1,5.1,7.2,0.5
,Oregon,41,2017,2017,131,2161140,6.1,6.1,5.1,7.2,0.5
,Oregon,41,2018,2018,125,2181534,5.7,5.9,4.8,6.9,0.5
,Oregon,41,2019,2019,112,2193360,5.1,5.2,4.2,6.2,0.5
,Oregon,41,2020,2020,159,2207190,7.2,7.3,6.2,8.5,0.6
,Pennsylvania,42,1999,1999,315,6795535,4.6,4.5,4,5,0.3
,Pennsylvania,42,2000,2000,348,6810666,5.1,5,4.4,5.5,0.3
,Pennsylvania,42,2001,2001,390,6839803,5.7,5.4,4.8,5.9,0.3
,Pennsylvania,42,2002,2002,334,6830739,4.9,4.6,4.1,5.1,0.3
,Pennsylvania,42,2003,2003,367,6842854,5.4,5.1,4.5,5.6,0.3
,Pennsylvania,42,2004,2004,336,6853460,4.9,4.6,4.1,5.1,0.3
,Pennsylvania,42,2005,2005,350,6867691,5.1,4.8,4.3,5.3,0.3
,Pennsylvania,42,2006,2006,340,6885159,4.9,4.5,4.1,5,0.2
,Pennsylvania,42,2007,2007,344,6885779,5,4.7,4.2,5.2,0.3
,Pennsylvania,42,2008,2008,304,6877794,4.4,4.1,3.6,4.5,0.2
,Pennsylvania,42,2009,2009,328,6867048,4.8,4.5,4,5,0.2
,Pennsylvania,42,2010,2010,302,6846404,4.4,4.1,3.6,4.6,0.2
,Pennsylvania,42,2011,2011,318,6809460,4.7,4.3,3.9,4.8,0.2
,Pennsylvania,42,2012,2012,304,6763260,4.5,4.3,3.8,4.7,0.2
,Pennsylvania,42,2013,2013,324,6707611,4.8,4.6,4.1,5.1,0.3
,Pennsylvania,42,2014,2014,312,6662215,4.7,4.5,4,5,0.3
,Pennsylvania,42,2015,2015,379,6619794,5.7,5.5,4.9,6,0.3
,Pennsylvania,42,2016,2016,258,6558569,3.9,3.8,3.3,4.2,0.2
,Pennsylvania,42,2017,2017,335,6521096,5.1,5,4.4,5.5,0.3
,Pennsylvania,42,2018,2018,339,6477781,5.2,5.2,4.6,5.7,0.3
,Pennsylvania,42,2019,2019,319,6430180,5,5,4.5,5.6,0.3
,Pennsylvania,42,2020,2020,406,6385582,6.4,6.4,5.8,7,0.3
,Rhode Island,44,1999,1999,20,594179,3.4,3.4,2.1,5.3,0.8
,Rhode Island,44,2000,2000,17,599757,Unreliable,Unreliable,1.7,4.6,0.7
,Rhode Island,44,2001,2001,21,606616,3.5,3.4,2.1,5.2,0.7
,Rhode Island,44,2002,2002,26,610010,4.3,4.2,2.7,6.1,0.8
,Rhode Island,44,2003,2003,25,612331,4.1,4,2.6,5.9,0.8
,Rhode Island,44,2004,2004,24,613928,3.9,3.9,2.5,5.8,0.8
,Rhode Island,44,2005,2005,25,610194,4.1,3.9,2.5,5.7,0.8
,Rhode Island,44,2006,2006,20,606571,3.3,3.1,1.9,4.8,0.7
,Rhode Island,44,2007,2007,20,601037,3.3,3.3,2,5.1,0.7
,Rhode Island,44,2008,2008,19,596897,Unreliable,Unreliable,1.8,4.7,0.7
,Rhode Island,44,2009,2009,17,592763,Unreliable,Unreliable,1.6,4.5,0.7
,Rhode Island,44,2010,2010,13,588385,Unreliable,Unreliable,1.1,3.4,0.6
,Rhode Island,44,2011,2011,14,582641,Unreliable,Unreliable,1.3,3.9,0.6
,Rhode Island,44,2012,2012,17,578082,Unreliable,Unreliable,1.5,4.3,0.6
,Rhode Island,44,2013,2013,27,573753,4.7,4.3,2.8,6.2,0.8
,Rhode Island,44,2014,2014,23,572728,4,3.8,2.4,5.7,0.8
,Rhode Island,44,2015,2015,27,568967,4.7,4.6,3,6.8,0.9
,Rhode Island,44,2016,2016,27,565172,4.8,4.5,3,6.5,0.9
,Rhode Island,44,2017,2017,15,563364,Unreliable,Unreliable,1.5,4.4,0.7
,Rhode Island,44,2018,2018,16,557829,Unreliable,Unreliable,1.6,4.6,0.7
,Rhode Island,44,2019,2019,21,555317,3.8,4,2.5,6.1,0.9
,Rhode Island,44,2020,2020,33,549913,6,6.3,4.3,8.9,1.1
,South Carolina,45,1999,1999,144,2294673,6.3,6.4,5.3,7.4,0.5
,South Carolina,45,2000,2000,171,2313367,7.4,7.4,6.3,8.5,0.6
,South Carolina,45,2001,2001,143,2339017,6.1,6.1,5.1,7.1,0.5
,South Carolina,45,2002,2002,186,2346004,7.9,7.8,6.7,8.9,0.6
,South Carolina,45,2003,2003,165,2355318,7,6.9,5.8,7.9,0.5
,South Carolina,45,2004,2004,169,2381553,7.1,7,5.9,8,0.5
,South Carolina,45,2005,2005,155,2402897,6.5,6.3,5.3,7.3,0.5
,South Carolina,45,2006,2006,147,2436185,6,6,5,6.9,0.5
,South Carolina,45,2007,2007,167,2468299,6.8,6.7,5.6,7.7,0.5
,South Carolina,45,2008,2008,153,2497566,6.1,6,5.1,7,0.5
,South Carolina,45,2009,2009,131,2511733,5.2,5.1,4.2,5.9,0.4
,South Carolina,45,2010,2010,149,2514259,5.9,5.7,4.8,6.7,0.5
,South Carolina,45,2011,2011,146,2513771,5.8,5.7,4.7,6.6,0.5
,South Carolina,45,2012,2012,165,2515754,6.6,6.4,5.4,7.4,0.5
,South Carolina,45,2013,2013,148,2525827,5.9,5.7,4.8,6.6,0.5
,South Carolina,45,2014,2014,154,2535967,6.1,6,5,6.9,0.5
,South Carolina,45,2015,2015,200,2551780,7.8,7.8,6.7,8.9,0.6
,South Carolina,45,2016,2016,157,2563108,6.1,6,5.1,7,0.5
,South Carolina,45,2017,2017,184,2577084,7.1,7.2,6.2,8.3,0.5
,South Carolina,45,2018,2018,227,2587713,8.8,8.7,7.6,9.9,0.6
,South Carolina,45,2019,2019,201,2599367,7.7,7.8,6.7,8.9,0.6
,South Carolina,45,2020,2020,248,2617367,9.5,9.5,8.3,10.7,0.6
,South Dakota,46,1999,1999,19,415310,Unreliable,Unreliable,2.8,7.4,1.1
,South Dakota,46,2000,2000,22,419346,5.2,5.4,3.4,8.1,1.1
,South Dakota,46,2001,2001,18,422680,Unreliable,Unreliable,2.5,6.7,1
,South Dakota,46,2002,2002,23,423128,5.4,5.4,3.4,8.2,1.1
,South Dakota,46,2003,2003,23,424149,5.4,5.3,3.4,8,1.1
,South Dakota,46,2004,2004,25,426373,5.9,5.7,3.7,8.5,1.2
,South Dakota,46,2005,2005,19,427133,Unreliable,Unreliable,2.5,6.6,1
,South Dakota,46,2006,2006,17,427955,Unreliable,Unreliable,2.2,6,0.9
,South Dakota,46,2007,2007,21,428842,4.9,4.6,2.8,7.2,1
,South Dakota,46,2008,2008,16,429104,Unreliable,Unreliable,2,5.8,0.9
,South Dakota,46,2009,2009,23,430109,5.3,5.4,3.4,8.2,1.2
,South Dakota,46,2010,2010,24,430683,5.6,5.2,3.3,7.7,1.1
,South Dakota,46,2011,2011,32,432038,7.4,7.3,5,10.4,1.3
,South Dakota,46,2012,2012,21,433499,4.8,4.8,2.9,7.4,1.1
,South Dakota,46,2013,2013,19,434370,Unreliable,Unreliable,2.8,7.5,1.1
,South Dakota,46,2014,2014,30,434592,6.9,7,4.7,10.1,1.3
,South Dakota,46,2015,2015,37,431748,8.6,8.9,6.2,12.3,1.5
,South Dakota,46,2016,2016,25,431257,5.8,6.1,4,9.1,1.2
,South Dakota,46,2017,2017,34,430358,7.9,8.7,6,12.1,1.5
,South Dakota,46,2018,2018,29,434344,6.7,7.3,4.9,10.5,1.4
,South Dakota,46,2019,2019,44,432457,10.2,10.9,7.9,14.6,1.6
,South Dakota,46,2020,2020,38,435503,8.7,9.5,6.7,13.1,1.5
,Tennessee,47,1999,1999,174,3263502,5.3,5.4,4.6,6.2,0.4
,Tennessee,47,2000,2000,217,3286873,6.6,6.6,5.7,7.4,0.4
,Tennessee,47,2001,2001,225,3317702,6.8,6.7,5.8,7.5,0.4
,Tennessee,47,2002,2002,236,3317205,7.1,7,6.1,7.9,0.5
,Tennessee,47,2003,2003,242,3323768,7.3,7.1,6.2,8,0.5
,Tennessee,47,2004,2004,237,3346018,7.1,6.9,6,7.8,0.4
,Tennessee,47,2005,2005,241,3376286,7.1,7,6.1,7.8,0.4
,Tennessee,47,2006,2006,257,3409351,7.5,7.3,6.4,8.2,0.5
,Tennessee,47,2007,2007,268,3442865,7.8,7.5,6.6,8.5,0.5
,Tennessee,47,2008,2008,260,3456426,7.5,7.2,6.3,8,0.4
,Tennessee,47,2009,2009,250,3466951,7.2,6.9,6,7.7,0.4
,Tennessee,47,2010,2010,227,3467993,6.5,6.2,5.4,7.1,0.4
,Tennessee,47,2011,2011,252,3468885,7.3,7,6.1,7.9,0.4
,Tennessee,47,2012,2012,269,3473472,7.7,7.6,6.7,8.5,0.5
,Tennessee,47,2013,2013,255,3470970,7.3,7.2,6.3,8,0.5
,Tennessee,47,2014,2014,262,3481139,7.5,7.4,6.5,8.3,0.5
,Tennessee,47,2015,2015,251,3488582,7.2,7.1,6.2,7.9,0.4
,Tennessee,47,2016,2016,253,3494612,7.2,7.1,6.2,8,0.5
,Tennessee,47,2017,2017,294,3514193,8.4,8.2,7.3,9.2,0.5
,Tennessee,47,2018,2018,255,3525111,7.2,7.3,6.4,8.2,0.5
,Tennessee,47,2019,2019,295,3537798,8.3,8.4,7.4,9.4,0.5
,Tennessee,47,2020,2020,318,3550711,9,9.1,8.1,10.1,0.5
,Texas,48,1999,1999,610,12082506,5,5.5,5.1,5.9,0.2
,Texas,48,2000,2000,612,12271094,5,5.3,4.9,5.8,0.2
,Texas,48,2001,2001,685,12559930,5.5,5.8,5.4,6.2,0.2
,Texas,48,2002,2002,731,12725375,5.7,6.1,5.6,6.5,0.2
,Texas,48,2003,2003,723,12867665,5.6,5.9,5.4,6.3,0.2
,Texas,48,2004,2004,693,13028956,5.3,5.5,5.1,5.9,0.2
,Texas,48,2005,2005,742,13200635,5.6,5.8,5.4,6.2,0.2
,Texas,48,2006,2006,692,13469923,5.1,5.3,4.9,5.6,0.2
,Texas,48,2007,2007,702,13683356,5.1,5.2,4.8,5.6,0.2
,Texas,48,2008,2008,673,13881908,4.8,4.9,4.5,5.3,0.2
,Texas,48,2009,2009,682,14081824,4.8,4.9,4.5,5.3,0.2
,Texas,48,2010,2010,693,14207394,4.9,5,4.6,5.4,0.2
,Texas,48,2011,2011,716,14400334,5,5.1,4.7,5.5,0.2
,Texas,48,2012,2012,657,14564409,4.5,4.7,4.3,5,0.2
,Texas,48,2013,2013,728,14706707,5,5.1,4.7,5.5,0.2
,Texas,48,2014,2014,734,14937951,4.9,5.1,4.7,5.5,0.2
,Texas,48,2015,2015,740,15166484,4.9,5.1,4.7,5.4,0.2
,Texas,48,2016,2016,722,15306785,4.7,4.9,4.6,5.3,0.2
,Texas,48,2017,2017,775,15509078,5,5.2,4.9,5.6,0.2
,Texas,48,2018,2018,822,15701943,5.2,5.5,5.1,5.9,0.2
,Texas,48,2019,2019,893,15828817,5.6,5.9,5.5,6.3,0.2
,Texas,48,2020,2020,1070,16013052,6.7,7.1,6.7,7.5,0.2
,Utah,49,1999,1999,49,1287168,3.8,4.7,3.4,6.2,0.7
,Utah,49,2000,2000,45,1305740,3.4,4.2,3,5.6,0.6
,Utah,49,2001,2001,55,1336885,4.1,4.9,3.7,6.4,0.7
,Utah,49,2002,2002,57,1356221,4.2,5,3.8,6.5,0.7
,Utah,49,2003,2003,58,1370164,4.2,5,3.8,6.4,0.7
,Utah,49,2004,2004,51,1386874,3.7,4.4,3.2,5.8,0.6
,Utah,49,2005,2005,45,1410951,3.2,3.8,2.7,5.1,0.6
,Utah,49,2006,2006,52,1439077,3.6,4.2,3.1,5.5,0.6
,Utah,49,2007,2007,64,1471084,4.4,4.9,3.8,6.3,0.6
,Utah,49,2008,2008,55,1497180,3.7,4.1,3.1,5.4,0.6
,Utah,49,2009,2009,66,1519177,4.3,5,3.8,6.3,0.6
,Utah,49,2010,2010,63,1532735,4.1,4.8,3.7,6.2,0.6
,Utah,49,2011,2011,64,1554197,4.1,4.8,3.7,6.2,0.6
,Utah,49,2012,2012,64,1568137,4.1,4.8,3.7,6.2,0.6
,Utah,49,2013,2013,66,1588183,4.2,4.9,3.8,6.2,0.6
,Utah,49,2014,2014,86,1607587,5.3,6.3,5,7.8,0.7
,Utah,49,2015,2015,59,1636096,3.6,4.1,3.1,5.3,0.5
,Utah,49,2016,2016,72,1665197,4.3,5.1,4,6.4,0.6
,Utah,49,2017,2017,63,1693331,3.7,4.4,3.3,5.6,0.6
,Utah,49,2018,2018,60,1731586,3.5,4,3.1,5.2,0.5
,Utah,49,2019,2019,75,1762188,4.3,5,3.9,6.3,0.6
,Utah,49,2020,2020,80,1794587,4.5,5.1,4.1,6.4,0.6
,Vermont,50,1999,1999,13,351987,Unreliable,Unreliable,1.9,6,1
,Vermont,50,2000,2000,10,353910,Unreliable,Unreliable,1.3,4.9,0.8
,Vermont,50,2001,2001,17,356139,Unreliable,Unreliable,2.4,6.6,1
,Vermont,50,2002,2002,15,356214,Unreliable,Unreliable,2.2,6.5,1
,Vermont,50,2003,2003,15,355833,Unreliable,Unreliable,2.2,6.5,1
,Vermont,50,2004,2004,14,354944,Unreliable,Unreliable,1.9,5.8,0.9
,Vermont,50,2006,2006,13,352643,Unreliable,Unreliable,1.7,5.5,0.9
,Vermont,50,2007,2007,10,349573,Unreliable,Unreliable,1.3,4.9,0.9
,Vermont,50,2008,2008,14,346242,Unreliable,Unreliable,2,6.3,1
,Vermont,50,2009,2009,10,343084,Unreliable,Unreliable,1.2,4.6,0.8
,Vermont,50,2011,2011,13,336700,Unreliable,Unreliable,1.9,6,1
,Vermont,50,2012,2012,14,332524,Unreliable,Unreliable,2,6,1
,Vermont,50,2014,2014,14,325459,Unreliable,Unreliable,2.1,6.4,1
,Vermont,50,2016,2016,12,318213,Unreliable,Unreliable,1.8,6.2,1
,Vermont,50,2017,2017,12,314451,Unreliable,Unreliable,2,6.7,1.1
,Vermont,50,2018,2018,14,313889,Unreliable,Unreliable,2.5,7.8,1.3
,Vermont,50,2019,2019,13,310372,Unreliable,Unreliable,2.3,7.4,1.2
,Vermont,50,2020,2020,16,308739,Unreliable,Unreliable,3.1,8.9,1.4
,Virginia,51,1999,1999,185,4159761,4.4,4.4,3.8,5.1,0.3
,Virginia,51,2000,2000,190,4201550,4.5,4.5,3.8,5.1,0.3
,Virginia,51,2001,2001,205,4271604,4.8,4.7,4.1,5.3,0.3
,Virginia,51,2002,2002,219,4290726,5.1,5,4.4,5.7,0.3
,Virginia,51,2003,2003,206,4312672,4.8,4.6,4,5.3,0.3
,Virginia,51,2004,2004,211,4356800,4.8,4.7,4.1,5.3,0.3
,Virginia,51,2005,2005,201,4401722,4.6,4.4,3.8,5.1,0.3
,Virginia,51,2006,2006,260,4446115,5.8,5.6,4.9,6.3,0.4
,Virginia,51,2007,2007,196,4469973,4.4,4.2,3.6,4.8,0.3
,Virginia,51,2008,2008,224,4492802,5,4.8,4.1,5.4,0.3
,Virginia,51,2009,2009,217,4517371,4.8,4.6,4,5.2,0.3
,Virginia,51,2010,2010,203,4536403,4.5,4.3,3.7,4.9,0.3
,Virginia,51,2011,2011,242,4551098,5.3,5.1,4.4,5.7,0.3
,Virginia,51,2012,2012,204,4571626,4.5,4.3,3.7,4.9,0.3
,Virginia,51,2013,2013,206,4577063,4.5,4.4,3.8,5,0.3
,Virginia,51,2014,2014,223,4582098,4.9,4.8,4.1,5.4,0.3
,Virginia,51,2015,2015,272,4578652,5.9,5.8,5.1,6.5,0.4
,Virginia,51,2016,2016,266,4550959,5.8,5.8,5.1,6.5,0.4
,Virginia,51,2017,2017,237,4550751,5.2,5.1,4.5,5.8,0.3
,Virginia,51,2018,2018,293,4541669,6.5,6.5,5.7,7.2,0.4
,Virginia,51,2019,2019,265,4516598,5.9,5.9,5.2,6.6,0.4
,Virginia,51,2020,2020,324,4524000,7.2,7.3,6.5,8.1,0.4
,Washington,53,1999,1999,123,3452236,3.6,3.6,2.9,4.2,0.3
,Washington,53,2000,2000,149,3480342,4.3,4.2,3.5,4.9,0.3
,Washington,53,2001,2001,149,3539930,4.2,4.1,3.5,4.8,0.3
,Washington,53,2002,2002,174,3557476,4.9,4.8,4,5.5,0.4
,Washington,53,2003,2003,164,3568293,4.6,4.4,3.7,5.1,0.3
,Washington,53,2004,2004,157,3589871,4.4,4.2,3.6,4.9,0.3
,Washington,53,2005,2005,169,3618783,4.7,4.5,3.8,5.2,0.3
,Washington,53,2006,2006,170,3665118,4.6,4.5,3.8,5.2,0.3
,Washington,53,2007,2007,154,3692919,4.2,4,3.3,4.6,0.3
,Washington,53,2008,2008,176,3726916,4.7,4.5,3.8,5.1,0.3
,Washington,53,2009,2009,152,3753389,4,3.9,3.3,4.5,0.3
,Washington,53,2010,2010,154,3753931,4.1,3.9,3.3,4.5,0.3
,Washington,53,2011,2011,149,3778518,3.9,3.8,3.2,4.5,0.3
,Washington,53,2012,2012,170,3784421,4.5,4.3,3.7,5,0.3
,Washington,53,2013,2013,160,3794161,4.2,4.2,3.6,4.9,0.3
,Washington,53,2014,2014,158,3822610,4.1,4.1,3.5,4.8,0.3
,Washington,53,2015,2015,197,3862828,5.1,5.1,4.4,5.8,0.4
,Washington,53,2016,2016,191,3902294,4.9,4.9,4.2,5.6,0.4
,Washington,53,2017,2017,200,3958992,5.1,5.1,4.4,5.8,0.4
,Washington,53,2018,2018,170,4018069,4.2,4.4,3.7,5,0.3
,Washington,53,2019,2019,182,4053315,4.5,4.7,4,5.4,0.3
,Washington,53,2020,2020,233,4099197,5.7,5.9,5.2,6.7,0.4
,West Virginia,54,1999,1999,78,1020506,7.6,7.4,5.8,9.2,0.8
,West Virginia,54,2000,2000,78,1017496,7.7,7.3,5.8,9.2,0.8
,West Virginia,54,2001,2001,87,1012531,8.6,8.1,6.4,9.9,0.9
,West Virginia,54,2002,2002,98,1006464,9.7,9.1,7.4,11.1,0.9
,West Virginia,54,2003,2003,86,1003322,8.6,7.9,6.3,9.7,0.9
,West Virginia,54,2004,2004,85,997799,8.5,7.7,6.1,9.5,0.8
,West Virginia,54,2005,2005,75,993480,7.5,6.9,5.4,8.7,0.8
,West Virginia,54,2006,2006,75,989629,7.6,7,5.5,8.8,0.8
,West Virginia,54,2007,2007,91,984929,9.2,8.5,6.8,10.5,0.9
,West Virginia,54,2008,2008,86,979059,8.8,8,6.4,9.9,0.9
,West Virginia,54,2009,2009,82,975281,8.4,7.8,6.2,9.7,0.9
,West Virginia,54,2010,2010,97,971644,10,8.8,7.1,10.8,0.9
,West Virginia,54,2011,2011,92,964182,9.5,8.9,7.2,11,0.9
,West Virginia,54,2012,2012,81,954050,8.5,8,6.4,10,0.9
,West Virginia,54,2013,2013,91,946333,9.6,9,7.3,11.1,1
,West Virginia,54,2014,2014,98,936503,10.5,9.7,7.9,11.9,1
,West Virginia,54,2015,2015,103,925515,11.1,10.6,8.5,12.6,1
,West Virginia,54,2016,2016,127,912060,13.9,13.2,10.9,15.5,1.2
,West Virginia,54,2017,2017,99,896952,11,10.6,8.6,12.9,1.1
,West Virginia,54,2018,2018,107,886896,12.1,11.4,9.2,13.5,1.1
,West Virginia,54,2019,2019,87,873913,10,9.6,7.6,11.8,1
,West Virginia,54,2020,2020,114,867396,13.1,12.8,10.4,15.2,1.2
,Wisconsin,55,1999,1999,107,3057995,3.5,3.5,2.9,4.2,0.3
,Wisconsin,55,2000,2000,118,3078483,3.8,3.8,3.1,4.5,0.4
,Wisconsin,55,2001,2001,104,3110062,3.3,3.3,2.6,3.9,0.3
,Wisconsin,55,2002,2002,144,3120731,4.6,4.5,3.8,5.2,0.4
,Wisconsin,55,2003,2003,144,3131410,4.6,4.4,3.7,5.1,0.4
,Wisconsin,55,2004,2004,132,3139463,4.2,4,3.3,4.7,0.4
,Wisconsin,55,2005,2005,133,3146274,4.2,4,3.3,4.7,0.3
,Wisconsin,55,2006,2006,113,3146711,3.6,3.4,2.8,4,0.3
,Wisconsin,55,2007,2007,116,3142090,3.7,3.5,2.9,4.2,0.3
,Wisconsin,55,2008,2008,118,3134056,3.8,3.6,2.9,4.2,0.3
,Wisconsin,55,2009,2009,111,3121252,3.6,3.4,2.7,4,0.3
,Wisconsin,55,2010,2010,105,3106874,3.4,3.2,2.6,3.8,0.3
,Wisconsin,55,2011,2011,106,3090767,3.4,3.3,2.7,3.9,0.3
,Wisconsin,55,2012,2012,131,3065342,4.3,4.1,3.4,4.8,0.4
,Wisconsin,55,2013,2013,113,3044579,3.7,3.5,2.9,4.2,0.3
,Wisconsin,55,2014,2014,125,3026181,4.1,4.1,3.4,4.8,0.4
,Wisconsin,55,2015,2015,137,3005815,4.6,4.5,3.8,5.3,0.4
,Wisconsin,55,2016,2016,150,2982501,5,4.9,4.1,5.7,0.4
,Wisconsin,55,2017,2017,145,2967742,4.9,4.9,4.1,5.7,0.4
,Wisconsin,55,2018,2018,153,2953989,5.2,5.2,4.3,6,0.4
,Wisconsin,55,2019,2019,131,2937646,4.5,4.5,3.7,5.3,0.4
,Wisconsin,55,2020,2020,169,2928679,5.8,6,5.1,6.9,0.5
,Wyoming,56,1999,1999,13,286770,Unreliable,Unreliable,2.3,7.5,1.2
,Wyoming,56,2000,2000,17,288056,Unreliable,Unreliable,3.3,9,1.4
,Wyoming,56,2001,2001,12,288881,Unreliable,Unreliable,2.1,6.9,1.2
,Wyoming,56,2002,2002,17,290447,Unreliable,Unreliable,3.4,9.4,1.4
,Wyoming,56,2003,2003,15,290334,Unreliable,Unreliable,2.4,7.2,1.1
,Wyoming,56,2004,2004,16,291933,Unreliable,Unreliable,3,8.6,1.3
,Wyoming,56,2006,2006,16,295453,Unreliable,Unreliable,2.9,8.5,1.3
,Wyoming,56,2007,2007,18,299735,Unreliable,Unreliable,3.3,9,1.3
,Wyoming,56,2008,2008,24,302940,7.9,8,5.1,12,1.7
,Wyoming,56,2009,2009,10,307853,Unreliable,Unreliable,1.5,5.7,1
,Wyoming,56,2010,2010,12,306652,Unreliable,Unreliable,1.8,6.2,1
,Wyoming,56,2011,2011,15,305309,Unreliable,Unreliable,2.8,8.2,1.3
,Wyoming,56,2012,2012,11,308192,Unreliable,Unreliable,1.7,6.1,1
,Wyoming,56,2013,2013,11,308221,Unreliable,Unreliable,1.7,6.2,1
,Wyoming,56,2017,2017,17,292191,Unreliable,Unreliable,3.6,9.9,1.5
,Wyoming,56,2018,2018,17,289650,Unreliable,Unreliable,3.6,9.9,1.5
,Wyoming,56,2020,2020,20,290866,6.9,7.2,4.4,11.1,1.6
---,,,,,,,,,,,
"Dataset: Underlying Cause of Death, 1999-2020",,,,,,,,,,,
Query Parameters:,,,,,,,,,,,
Title: Deaths Caused by Diabetes Mellitus over the Past Twenty Years,,,,,,,,,,,
ICD-10 Codes: E10-E14 (Diabetes mellitus),,,,,,,,,,,
Ten-Year Age Groups: 15-24 years; 25-34 years; 35-44 years; 45-54 years,,,,,,,,,,,
Group By: State; Year,,,,,,,,,,,
Show Totals: Disabled,,,,,,,,,,,
Show Zero Values: False,,,,,,,,,,,
Show Suppressed: False,,,,,,,,,,,
Standard Population: 2000 U.S. Std. Population,,,,,,,,,,,
"Calculate Rates Per: 100,000",,,,,,,,,,,
Rate Options: Default intercensal populations for years 2001-2009 (except Infant Age Groups),,,,,,,,,,,
---,,,,,,,,,,,
Help: See http://wonder.cdc.gov/wonder/help/ucd.html for more information.,,,,,,,,,,,
---,,,,,,,,,,,
"Query Date: Aug 12, 2022 6:11:00 PM",,,,,,,,,,,
---,,,,,,,,,,,
"Suggested Citation: Centers for Disease Control and Prevention, National Center for Health Statistics. National Vital Statistics",,,,,,,,,,,
"System, Mortality 1999-2020 on CDC WONDER Online Database, released in 2021. Data are from the Multiple Cause of Death Files,",,,,,,,,,,,
"1999-2020, as compiled from data provided by the 57 vital statistics jurisdictions through the Vital Statistics Cooperative",,,,,,,,,,,
"Program. Accessed at http://wonder.cdc.gov/ucd-icd10.html on Aug 12, 2022 6:11:00 PM",,,,,,,,,,,
---,,,,,,,,,,,
Messages:,,,,,,,,,,,
1. Totals are not available for these results due to suppression constraints. More Information:,,,,,,,,,,,
http://wonder.cdc.gov/wonder/help/faq.html#Privacy.,,,,,,,,,,,
2. Rows with suppressed Deaths are hidden. Use Quick Options above to show suppressed rows.,,,,,,,,,,,
---,,,,,,,,,,,
Caveats:,,,,,,,,,,,
"1. As of April 3, 2017, the underlying cause of death has been revised for 125 deaths in 2014. More information:",,,,,,,,,,,
http://wonder.cdc.gov/wonder/help/ucd.html#2014-Revision.,,,,,,,,,,,
2. Circumstances in Georgia for the years 2008 and 2009 have resulted in unusually high death counts for the ICD-10 cause of,,,,,,,,,,,
"death code R99, ""Other ill-defined and unspecified causes of mortality."" Caution should be used in interpreting these data.",,,,,,,,,,,
More information: http://wonder.cdc.gov/wonder/help/ucd.html#Georgia-Reporting-Anomalies.,,,,,,,,,,,
3. Circumstances in New Jersey for the year 2009 have resulted in unusually high death counts for the ICD-10 cause of death code,,,,,,,,,,,
"R99, ""Other ill-defined and unspecified causes of mortality"" and therefore unusually low death counts in other ICD-10 codes,",,,,,,,,,,,
"most notably R95, ""Sudden Infant Death Syndrome"" and X40-X49, ""Unintentional poisoning."" Caution should be used in",,,,,,,,,,,
interpreting these data. More information: http://wonder.cdc.gov/wonder/help/ucd.html#New-Jersey-Reporting-Anomalies.,,,,,,,,,,,
"4. Circumstances in California resulted in unusually high death counts for the ICD-10 cause of death code R99, ""Other",,,,,,,,,,,
"ill-defined and unspecified causes of mortality"" for deaths occurring in years 2000 and 2001. Caution should be used in",,,,,,,,,,,
interpreting these data. More information: http://wonder.cdc.gov/wonder/help/ucd.html#California-Reporting-Anomalies.,,,,,,,,,,,
5. Data are Suppressed when the data meet the criteria for confidentiality constraints. More information:,,,,,,,,,,,
http://wonder.cdc.gov/wonder/help/ucd.html#Assurance of Confidentiality.,,,,,,,,,,,
6. Death rates are flagged as Unreliable when the rate is calculated with a numerator of 20 or less. More information:,,,,,,,,,,,
http://wonder.cdc.gov/wonder/help/ucd.html#Unreliable.,,,,,,,,,,,
7. The populations used to calculate standard age-adjusted rates are documented here: More information:,,,,,,,,,,,
http://wonder.cdc.gov/wonder/help/ucd.html#2000 Standard Population.,,,,,,,,,,,
8. The method used to calculate age-adjusted rates is documented here: More information:,,,,,,,,,,,
http://wonder.cdc.gov/wonder/help/ucd.html#Age-Adjusted Rates.,,,,,,,,,,,
"9. Deaths of persons with Age ""Not Stated"" are included in ""All"" counts and rates, but are not distributed among age groups,",,,,,,,,,,,
"so are not included in age-specific counts, age-specific rates or in any age-adjusted rates. More information:",,,,,,,,,,,
http://wonder.cdc.gov/wonder/help/ucd.html#Not Stated.,,,,,,,,,,,
10. The method used to calculate 95% confidence intervals is documented here: More information:,,,,,,,,,,,
http://wonder.cdc.gov/wonder/help/ucd.html#Confidence-Intervals.,,,,,,,,,,,
11. The method used to calculate standard errors is documented here: More information:,,,,,,,,,,,
http://wonder.cdc.gov/wonder/help/ucd.html#Standard-Errors.,,,,,,,,,,,
"12. The population figures for year 2020 are bridged-race estimates of the July 1 resident population, from the Vintage 2020",,,,,,,,,,,
"postcensal series released by NCHS on September 22, 2021. The population figures for year 2019 are bridged-race estimates of the",,,,,,,,,,,
"July 1 resident population, from the Vintage 2019 postcensal series released by NCHS on July 9, 2020. The population figures for",,,,,,,,,,,
"year 2018 are bridged-race estimates of the July 1 resident population, from the Vintage 2018 postcensal series released by NCHS",,,,,,,,,,,
"on June 25, 2019. The population figures for year 2017 are bridged-race estimates of the July 1 resident population, from the",,,,,,,,,,,
"Vintage 2017 postcensal series released by NCHS on June 27, 2018. The population figures for year 2016 are bridged-race",,,,,,,,,,,
"estimates of the July 1 resident population, from the Vintage 2016 postcensal series released by NCHS on June 26, 2017. The",,,,,,,,,,,
"population figures for year 2015 are bridged-race estimates of the July 1 resident population, from the Vintage 2015 postcensal",,,,,,,,,,,
"series released by NCHS on June 28, 2016. The population figures for year 2014 are bridged-race estimates of the July 1 resident",,,,,,,,,,,
"population, from the Vintage 2014 postcensal series released by NCHS on June 30, 2015. The population figures for year 2013 are",,,,,,,,,,,
"bridged-race estimates of the July 1 resident population, from the Vintage 2013 postcensal series released by NCHS on June 26,",,,,,,,,,,,
"2014. The population figures for year 2012 are bridged-race estimates of the July 1 resident population, from the Vintage 2012",,,,,,,,,,,
"postcensal series released by NCHS on June 13, 2013. The population figures for year 2011 are bridged-race estimates of the July",,,,,,,,,,,
"1 resident population, from the Vintage 2011 postcensal series released by NCHS on July 18, 2012. Population figures for 2010",,,,,,,,,,,
are April 1 Census counts. The population figures for years 2001 - 2009 are bridged-race estimates of the July 1 resident,,,,,,,,,,,
"population, from the revised intercensal county-level 2000 - 2009 series released by NCHS on October 26, 2012. Population",,,,,,,,,,,
figures for 2000 are April 1 Census counts. Population figures for 1999 are from the 1990-1999 intercensal series of July 1,,,,,,,,,,,
estimates. Population figures for the infant age groups are the number of live births. <br/><b>Note:</b> Rates and population,,,,,,,,,,,
"figures for years 2001 - 2009 differ slightly from previously published reports, due to use of the population estimates which",,,,,,,,,,,
were available at the time of release.,,,,,,,,,,,